cart_id,product_id,quantity,added_ts
1,1035,1,2026-04-01 15:51:29
1,1033,1,2026-04-01 15:51:29
1,1032,1,2026-04-01 15:51:29
2,1052,2,2026-04-01 15:10:47
3,1007,1,2026-04-01 13:34:05
4,1054,1,2026-04-01 22:01:54
5,1019,1,2026-04-01 21:31:14
6,1055,1,2026-04-01 19:53:29
6,1051,1,2026-04-01 19:53:29
6,1052,1,2026-04-01 19:53:29
7,1003,1,2026-04-01 12:05:30
8,1015,1,2026-04-01 22:29:44
9,1003,1,2026-04-01 20:10:19
10,1002,1,2026-04-01 14:45:12
10,1001,1,2026-04-01 14:45:12
11,1003,1,2026-04-01 09:36:50
12,1004,1,2026-04-01 21:52:31
12,1002,1,2026-04-01 21:52:31
12,1005,1,2026-04-01 21:52:31
13,1028,2,2026-04-01 17:30:29
13,1030,2,2026-04-01 17:30:29
14,1018,1,2026-04-01 11:51:16
14,1016,1,2026-04-01 11:51:16
15,1035,1,2026-04-01 14:15:19
16,1057,1,2026-04-01 13:47:34
16,1060,1,2026-04-01 13:47:34
17,1048,1,2026-04-01 17:18:06
18,1004,1,2026-04-01 20:06:55
19,1032,1,2026-04-01 07:09:51
20,1044,1,2026-04-01 18:39:14
21,1032,1,2026-04-01 13:39:03
21,1035,1,2026-04-01 13:39:03
22,1015,1,2026-04-01 21:04:43
23,1011,1,2026-04-02 11:09:58
24,1004,1,2026-04-02 16:31:28
25,1051,3,2026-04-02 09:43:53
26,1009,2,2026-04-02 18:48:48
27,1024,2,2026-04-02 09:10:21
28,1005,1,2026-04-02 08:16:20
28,1001,1,2026-04-02 08:16:20
29,1030,2,2026-04-02 12:56:44
30,1001,1,2026-04-02 17:35:26
30,1004,1,2026-04-02 17:35:26
30,1005,2,2026-04-02 17:35:26
31,1019,2,2026-04-02 21:55:04
31,1018,1,2026-04-02 21:55:04
32,1032,1,2026-04-02 19:53:37
32,1034,1,2026-04-02 19:53:37
33,1052,2,2026-04-02 14:59:20
33,1054,1,2026-04-02 14:59:20
33,1051,1,2026-04-02 14:59:20
34,1042,3,2026-04-02 20:24:42
34,1044,1,2026-04-02 20:24:42
35,1029,1,2026-04-02 21:55:54
36,1053,1,2026-04-02 21:54:43
37,1003,2,2026-04-02 21:02:39
37,1002,1,2026-04-02 21:02:39
38,1041,1,2026-04-02 17:36:43
39,1052,1,2026-04-02 02:51:29
39,1051,1,2026-04-02 02:51:29
40,1029,2,2026-04-02 22:44:16
41,1033,2,2026-04-02 20:03:58
42,1034,1,2026-04-02 10:06:57
43,1049,3,2026-04-03 17:58:17
44,1049,1,2026-04-03 19:25:54
45,1013,1,2026-04-03 13:47:43
46,1031,3,2026-04-03 15:44:19
47,1034,2,2026-04-03 19:34:26
47,1031,1,2026-04-03 19:34:26
48,1028,1,2026-04-03 06:23:13
48,1026,2,2026-04-03 06:23:13
48,1030,1,2026-04-03 06:23:13
49,1035,1,2026-04-03 12:08:50
50,1002,1,2026-04-03 17:51:11
50,1001,2,2026-04-03 17:51:11
51,1041,1,2026-04-03 11:03:08
52,1015,1,2026-04-03 18:28:32
53,1024,1,2026-04-03 08:30:54
53,1025,1,2026-04-03 08:30:54
54,1034,1,2026-04-03 09:39:40
54,1033,1,2026-04-03 09:39:40
55,1024,1,2026-04-03 13:29:25
56,1005,1,2026-04-03 14:08:35
56,1003,1,2026-04-03 14:08:35
56,1004,1,2026-04-03 14:08:35
57,1035,1,2026-04-03 21:03:18
58,1060,1,2026-04-03 20:54:35
58,1056,1,2026-04-03 20:54:35
59,1016,1,2026-04-03 11:44:48
60,1020,2,2026-04-03 14:21:10
60,1016,1,2026-04-03 14:21:10
61,1034,1,2026-04-03 19:17:28
62,1002,2,2026-04-03 07:25:38
63,1044,1,2026-04-03 13:00:31
64,1034,1,2026-04-03 21:55:20
65,1003,1,2026-04-04 15:25:33
65,1002,1,2026-04-04 15:25:33
66,1042,1,2026-04-04 17:12:57
67,1035,2,2026-04-04 15:36:48
67,1033,1,2026-04-04 15:36:48
68,1016,1,2026-04-04 07:23:53
68,1019,1,2026-04-04 07:23:53
69,1035,1,2026-04-04 07:58:51
70,1033,1,2026-04-04 12:28:28
71,1015,1,2026-04-04 17:24:18
71,1012,1,2026-04-04 17:24:18
72,1040,1,2026-04-04 13:08:42
72,1036,1,2026-04-04 13:08:42
72,1038,1,2026-04-04 13:08:42
73,1005,1,2026-04-04 21:56:33
74,1034,1,2026-04-04 19:15:28
74,1032,1,2026-04-04 19:15:28
75,1034,1,2026-04-04 21:12:23
76,1020,1,2026-04-04 07:30:55
76,1016,1,2026-04-04 07:30:55
76,1017,1,2026-04-04 07:30:55
77,1046,1,2026-04-04 15:58:14
77,1049,1,2026-04-04 15:58:14
78,1039,1,2026-04-04 12:53:30
79,1005,1,2026-04-04 12:19:07
80,1021,1,2026-04-04 18:15:36
80,1023,1,2026-04-04 18:15:36
81,1028,2,2026-04-04 17:24:55
81,1030,1,2026-04-04 17:24:55
82,1044,1,2026-04-04 20:11:53
83,1017,2,2026-04-04 19:29:02
84,1029,2,2026-04-04 12:51:23
85,1006,1,2026-04-04 08:38:52
86,1009,1,2026-04-04 15:45:27
87,1031,1,2026-04-04 18:27:17
87,1035,1,2026-04-04 18:27:17
88,1049,1,2026-04-04 19:01:09
88,1046,1,2026-04-04 19:01:09
89,1033,1,2026-04-04 14:36:02
89,1035,1,2026-04-04 14:36:02
90,1015,1,2026-04-04 17:16:49
91,1004,3,2026-04-04 11:08:54
92,1038,2,2026-04-04 23:42:22
93,1007,1,2026-04-04 19:44:40
94,1024,2,2026-04-05 21:04:19
94,1025,2,2026-04-05 21:04:19
95,1031,1,2026-04-05 20:08:27
95,1032,1,2026-04-05 20:08:27
96,1017,1,2026-04-05 13:33:57
97,1005,1,2026-04-05 18:39:34
97,1002,1,2026-04-05 18:39:34
98,1046,3,2026-04-05 21:36:02
99,1024,1,2026-04-05 19:49:36
99,1023,1,2026-04-05 19:49:36
100,1018,2,2026-04-05 10:55:45
100,1019,1,2026-04-05 10:55:45
100,1016,1,2026-04-05 10:55:45
101,1032,1,2026-04-05 10:20:59
102,1004,3,2026-04-05 21:31:01
103,1008,2,2026-04-05 02:06:27
104,1036,1,2026-04-05 17:52:39
105,1009,1,2026-04-05 17:23:48
106,1023,1,2026-04-05 22:20:10
107,1018,1,2026-04-05 17:45:36
107,1020,3,2026-04-05 17:45:36
108,1033,3,2026-04-05 21:55:44
109,1005,1,2026-04-05 18:14:46
110,1011,1,2026-04-05 14:52:43
111,1008,3,2026-04-05 20:03:45
112,1053,1,2026-04-05 13:11:29
113,1032,1,2026-04-05 19:44:16
114,1020,1,2026-04-05 22:46:17
115,1006,1,2026-04-05 13:49:51
116,1015,1,2026-04-05 09:47:37
117,1052,2,2026-04-05 10:41:59
118,1007,3,2026-04-05 22:58:58
118,1006,1,2026-04-05 22:58:58
119,1018,1,2026-04-05 20:55:59
120,1004,1,2026-04-05 16:12:51
121,1044,2,2026-04-06 20:36:43
122,1057,1,2026-04-06 14:06:11
123,1009,1,2026-04-06 19:03:42
124,1008,1,2026-04-06 19:19:44
124,1010,3,2026-04-06 19:19:44
124,1009,1,2026-04-06 19:19:44
125,1052,1,2026-04-06 14:44:35
125,1055,1,2026-04-06 14:44:35
126,1001,2,2026-04-06 15:45:23
127,1016,1,2026-04-06 18:09:10
128,1050,1,2026-04-06 08:32:28
129,1036,2,2026-04-06 15:51:19
130,1031,3,2026-04-06 15:44:04
131,1044,1,2026-04-06 14:49:08
131,1043,2,2026-04-06 14:49:08
131,1042,1,2026-04-06 14:49:08
132,1060,1,2026-04-06 21:48:01
133,1051,1,2026-04-06 18:59:56
134,1007,1,2026-04-06 20:49:03
134,1008,1,2026-04-06 20:49:03
134,1009,1,2026-04-06 20:49:03
135,1060,1,2026-04-06 17:03:22
135,1058,1,2026-04-06 17:03:22
136,1033,1,2026-04-06 17:26:35
137,1031,1,2026-04-06 15:23:05
137,1033,1,2026-04-06 15:23:05
138,1051,1,2026-04-06 22:00:13
138,1054,1,2026-04-06 22:00:13
138,1055,1,2026-04-06 22:00:13
139,1054,1,2026-04-07 16:53:20
140,1054,1,2026-04-07 10:16:35
141,1043,1,2026-04-07 20:46:41
142,1060,3,2026-04-07 11:56:34
142,1056,1,2026-04-07 11:56:34
142,1059,2,2026-04-07 11:56:34
143,1001,1,2026-04-07 16:31:01
144,1047,2,2026-04-07 23:01:32
144,1046,1,2026-04-07 23:01:32
145,1036,1,2026-04-07 23:14:19
145,1040,1,2026-04-07 23:14:19
146,1033,1,2026-04-07 02:10:05
147,1015,1,2026-04-07 21:58:02
147,1014,1,2026-04-07 21:58:02
147,1012,2,2026-04-07 21:58:02
148,1047,1,2026-04-07 19:11:59
149,1020,2,2026-04-07 20:59:04
150,1050,3,2026-04-07 07:27:14
151,1035,1,2026-04-07 15:43:37
152,1026,1,2026-04-07 09:00:19
152,1027,1,2026-04-07 09:00:19
153,1020,2,2026-04-07 14:01:05
154,1002,1,2026-04-07 12:24:49
154,1005,1,2026-04-07 12:24:49
154,1003,1,2026-04-07 12:24:49
155,1018,3,2026-04-07 10:17:26
155,1020,1,2026-04-07 10:17:26
156,1018,1,2026-04-07 11:06:08
156,1019,1,2026-04-07 11:06:08
156,1017,2,2026-04-07 11:06:08
157,1058,1,2026-04-07 10:20:38
158,1005,3,2026-04-07 20:25:23
159,1049,1,2026-04-07 19:52:54
160,1055,2,2026-04-07 14:32:59
160,1051,1,2026-04-07 14:32:59
161,1012,1,2026-04-08 21:06:49
161,1011,1,2026-04-08 21:06:49
162,1002,1,2026-04-08 13:50:27
163,1020,1,2026-04-08 19:14:28
164,1043,1,2026-04-08 13:21:29
165,1055,1,2026-04-08 09:51:10
165,1052,1,2026-04-08 09:51:10
166,1022,2,2026-04-08 11:37:27
166,1023,2,2026-04-08 11:37:27
167,1021,1,2026-04-08 22:20:38
168,1050,1,2026-04-08 11:43:45
168,1046,1,2026-04-08 11:43:45
168,1048,1,2026-04-08 11:43:45
169,1007,1,2026-04-08 22:11:35
170,1010,1,2026-04-08 21:00:31
170,1009,1,2026-04-08 21:00:31
171,1003,1,2026-04-08 16:05:36
171,1001,1,2026-04-08 16:05:36
172,1044,3,2026-04-08 23:34:52
172,1042,1,2026-04-08 23:34:52
173,1026,1,2026-04-08 12:55:02
174,1045,1,2026-04-08 20:13:51
174,1044,1,2026-04-08 20:13:51
175,1056,3,2026-04-08 18:54:32
175,1057,2,2026-04-08 18:54:32
176,1053,2,2026-04-08 21:08:44
177,1034,1,2026-04-08 14:09:36
177,1035,2,2026-04-08 14:09:36
178,1054,1,2026-04-08 17:17:44
179,1059,1,2026-04-08 20:25:13
179,1058,1,2026-04-08 20:25:13
180,1016,1,2026-04-08 17:31:50
180,1020,2,2026-04-08 17:31:50
181,1057,2,2026-04-09 10:29:00
182,1041,1,2026-04-09 18:46:44
183,1001,1,2026-04-09 15:08:30
184,1032,1,2026-04-09 17:00:39
185,1041,1,2026-04-09 14:27:20
186,1003,1,2026-04-09 18:49:44
186,1002,1,2026-04-09 18:49:44
187,1044,1,2026-04-09 19:50:57
188,1057,1,2026-04-09 08:56:00
188,1059,1,2026-04-09 08:56:00
188,1058,1,2026-04-09 08:56:00
189,1001,3,2026-04-09 08:37:04
190,1017,3,2026-04-09 18:17:05
191,1004,1,2026-04-09 20:54:15
192,1042,1,2026-04-09 13:47:42
193,1044,1,2026-04-09 12:56:07
194,1001,2,2026-04-09 21:43:46
194,1005,1,2026-04-09 21:43:46
195,1023,1,2026-04-09 14:20:15
195,1021,1,2026-04-09 14:20:15
196,1056,2,2026-04-09 11:51:33
196,1059,1,2026-04-09 11:51:33
196,1057,1,2026-04-09 11:51:33
197,1019,1,2026-04-09 11:36:50
197,1018,1,2026-04-09 11:36:50
198,1049,1,2026-04-09 20:34:48
199,1043,1,2026-04-10 21:21:00
200,1037,2,2026-04-10 14:03:09
201,1002,1,2026-04-10 21:29:47
202,1038,1,2026-04-10 20:44:53
203,1009,1,2026-04-10 20:37:06
204,1033,1,2026-04-10 13:45:44
205,1017,3,2026-04-10 14:03:43
205,1016,2,2026-04-10 14:03:43
206,1046,1,2026-04-10 12:29:06
207,1016,2,2026-04-10 10:52:25
207,1018,1,2026-04-10 10:52:25
208,1008,3,2026-04-10 21:28:51
208,1006,1,2026-04-10 21:28:51
208,1009,2,2026-04-10 21:28:51
209,1014,2,2026-04-10 06:39:39
210,1010,1,2026-04-10 12:08:26
210,1007,2,2026-04-10 12:08:26
211,1035,1,2026-04-10 20:22:30
212,1056,1,2026-04-10 17:49:37
212,1057,1,2026-04-10 17:49:37
212,1058,2,2026-04-10 17:49:37
213,1048,1,2026-04-10 23:14:36
213,1047,1,2026-04-10 23:14:36
214,1040,1,2026-04-10 13:37:01
215,1057,1,2026-04-10 21:51:56
216,1046,1,2026-04-10 13:11:58
216,1050,1,2026-04-10 13:11:58
217,1059,1,2026-04-10 13:10:46
217,1058,3,2026-04-10 13:10:46
218,1034,1,2026-04-10 18:22:14
218,1033,1,2026-04-10 18:22:14
219,1032,1,2026-04-10 22:14:40
219,1033,1,2026-04-10 22:14:40
219,1034,1,2026-04-10 22:14:40
220,1036,1,2026-04-10 20:42:40
221,1019,2,2026-04-11 14:56:24
222,1003,1,2026-04-11 19:10:28
222,1001,3,2026-04-11 19:10:28
223,1059,1,2026-04-11 16:01:27
224,1032,1,2026-04-11 12:03:25
224,1031,1,2026-04-11 12:03:25
225,1028,1,2026-04-11 09:50:25
225,1026,1,2026-04-11 09:50:25
225,1030,2,2026-04-11 09:50:25
226,1022,2,2026-04-11 19:51:34
226,1021,2,2026-04-11 19:51:34
227,1035,1,2026-04-11 06:36:57
228,1049,1,2026-04-11 11:10:13
229,1046,1,2026-04-11 23:40:09
230,1030,1,2026-04-11 13:17:33
230,1029,1,2026-04-11 13:17:33
231,1003,2,2026-04-11 20:06:59
231,1005,1,2026-04-11 20:06:59
232,1020,1,2026-04-11 18:02:11
233,1019,2,2026-04-11 05:52:50
234,1028,1,2026-04-11 12:19:47
234,1029,1,2026-04-11 12:19:47
235,1046,1,2026-04-11 16:08:49
235,1047,2,2026-04-11 16:08:49
236,1018,2,2026-04-11 06:03:58
237,1014,1,2026-04-11 22:43:01
238,1046,1,2026-04-11 17:22:10
239,1051,1,2026-04-11 19:32:01
239,1054,1,2026-04-11 19:32:01
239,1055,1,2026-04-11 19:32:01
240,1003,1,2026-04-11 20:25:37
241,1003,1,2026-04-11 12:06:30
241,1005,3,2026-04-11 12:06:30
241,1002,1,2026-04-11 12:06:30
242,1051,1,2026-04-11 19:18:16
243,1014,2,2026-04-11 11:46:45
244,1033,1,2026-04-11 12:10:53
245,1018,1,2026-04-11 13:47:55
245,1020,1,2026-04-11 13:47:55
246,1034,1,2026-04-11 07:40:37
246,1032,2,2026-04-11 07:40:37
247,1051,1,2026-04-11 23:09:20
248,1027,1,2026-04-11 13:03:00
249,1038,1,2026-04-11 01:34:12
249,1037,1,2026-04-11 01:34:12
249,1036,1,2026-04-11 01:34:12
250,1016,1,2026-04-12 09:32:37
251,1009,1,2026-04-12 16:48:12
251,1006,3,2026-04-12 16:48:12
251,1010,1,2026-04-12 16:48:12
252,1031,1,2026-04-12 23:42:06
253,1034,1,2026-04-12 09:33:17
253,1031,1,2026-04-12 09:33:17
254,1008,1,2026-04-12 07:31:58
254,1007,1,2026-04-12 07:31:58
254,1006,1,2026-04-12 07:31:58
255,1031,1,2026-04-12 10:05:49
255,1033,1,2026-04-12 10:05:49
256,1008,1,2026-04-12 15:06:52
257,1042,1,2026-04-12 20:06:54
258,1019,2,2026-04-12 09:25:29
259,1037,2,2026-04-12 10:08:44
259,1036,1,2026-04-12 10:08:44
259,1040,1,2026-04-12 10:08:44
260,1015,2,2026-04-12 14:02:04
261,1020,1,2026-04-12 11:42:55
262,1035,2,2026-04-12 16:42:43
263,1047,2,2026-04-12 19:10:32
263,1046,1,2026-04-12 19:10:32
264,1029,2,2026-04-12 15:54:31
265,1008,2,2026-04-12 13:32:35
265,1010,2,2026-04-12 13:32:35
266,1029,1,2026-04-12 17:39:38
266,1026,1,2026-04-12 17:39:38
267,1040,1,2026-04-12 10:45:47
268,1009,1,2026-04-12 18:43:37
268,1007,1,2026-04-12 18:43:37
268,1010,1,2026-04-12 18:43:37
269,1035,2,2026-04-12 18:56:20
270,1029,1,2026-04-12 14:21:18
271,1055,1,2026-04-12 12:44:35
271,1052,1,2026-04-12 12:44:35
272,1034,1,2026-04-12 19:48:22
273,1046,1,2026-04-12 12:54:27
274,1001,2,2026-04-13 12:48:34
274,1002,1,2026-04-13 12:48:34
275,1009,2,2026-04-13 07:47:16
275,1007,1,2026-04-13 07:47:16
276,1007,1,2026-04-13 18:47:38
276,1008,3,2026-04-13 18:47:38
277,1053,1,2026-04-13 01:29:45
278,1028,1,2026-04-13 18:42:19
279,1004,1,2026-04-13 11:11:33
280,1041,1,2026-04-13 17:35:52
280,1043,2,2026-04-13 17:35:52
281,1051,1,2026-04-13 12:02:43
282,1045,1,2026-04-13 06:33:52
283,1034,1,2026-04-13 02:04:13
283,1031,2,2026-04-13 02:04:13
284,1052,1,2026-04-13 20:41:52
284,1051,1,2026-04-13 20:41:52
285,1035,1,2026-04-13 15:01:24
286,1053,1,2026-04-13 19:04:22
287,1018,3,2026-04-13 20:54:34
287,1020,1,2026-04-13 20:54:34
288,1031,1,2026-04-13 09:00:36
289,1052,1,2026-04-13 19:13:26
289,1055,1,2026-04-13 19:13:26
290,1008,1,2026-04-13 19:16:06
291,1054,1,2026-04-13 09:39:04
292,1016,1,2026-04-14 17:23:51
293,1048,2,2026-04-14 20:27:17
294,1001,2,2026-04-14 20:31:35
294,1003,1,2026-04-14 20:31:35
295,1040,1,2026-04-14 20:40:04
295,1036,2,2026-04-14 20:40:04
295,1038,1,2026-04-14 20:40:04
296,1035,1,2026-04-14 12:29:32
297,1036,1,2026-04-14 21:09:47
297,1037,1,2026-04-14 21:09:47
297,1039,1,2026-04-14 21:09:47
298,1026,1,2026-04-14 21:23:24
299,1048,1,2026-04-14 19:33:40
299,1047,1,2026-04-14 19:33:40
300,1025,2,2026-04-14 21:33:16
300,1024,1,2026-04-14 21:33:16
300,1022,2,2026-04-14 21:33:16
301,1008,1,2026-04-14 16:08:28
302,1034,1,2026-04-14 19:30:13
302,1031,1,2026-04-14 19:30:13
303,1033,2,2026-04-14 18:02:57
304,1003,1,2026-04-14 18:36:40
304,1001,1,2026-04-14 18:36:40
305,1032,1,2026-04-14 10:53:26
305,1033,1,2026-04-14 10:53:26
306,1022,1,2026-04-14 18:14:24
307,1005,1,2026-04-14 14:09:38
308,1030,1,2026-04-14 16:07:05
309,1020,1,2026-04-14 16:49:24
309,1016,1,2026-04-14 16:49:24
310,1052,1,2026-04-14 21:18:38
311,1003,1,2026-04-14 18:07:33
311,1004,1,2026-04-14 18:07:33
312,1034,2,2026-04-14 12:34:27
313,1052,2,2026-04-14 19:47:08
313,1054,3,2026-04-14 19:47:08
314,1033,1,2026-04-15 20:30:59
315,1006,1,2026-04-15 07:49:52
316,1042,1,2026-04-15 17:12:02
317,1004,1,2026-04-15 12:00:10
318,1060,3,2026-04-15 21:22:22
319,1021,1,2026-04-15 18:16:11
320,1044,2,2026-04-15 22:36:30
320,1045,2,2026-04-15 22:36:30
321,1057,1,2026-04-15 08:40:50
321,1058,1,2026-04-15 08:40:50
322,1003,1,2026-04-15 21:15:18
322,1001,1,2026-04-15 21:15:18
323,1015,1,2026-04-15 12:16:13
323,1013,1,2026-04-15 12:16:13
324,1001,1,2026-04-15 22:31:39
324,1004,1,2026-04-15 22:31:39
325,1030,1,2026-04-15 21:55:17
325,1028,1,2026-04-15 21:55:17
325,1027,1,2026-04-15 21:55:17
326,1017,3,2026-04-15 22:02:32
326,1019,1,2026-04-15 22:02:32
327,1023,1,2026-04-15 02:43:13
328,1019,1,2026-04-15 14:48:23
329,1007,1,2026-04-15 11:51:47
329,1009,3,2026-04-15 11:51:47
330,1030,1,2026-04-15 17:20:50
331,1051,1,2026-04-15 13:35:35
332,1030,1,2026-04-16 16:49:47
333,1055,1,2026-04-16 21:40:51
334,1018,1,2026-04-16 08:21:14
334,1019,1,2026-04-16 08:21:14
335,1021,1,2026-04-16 20:33:28
336,1041,1,2026-04-16 16:03:01
337,1018,1,2026-04-16 19:56:24
338,1020,1,2026-04-16 22:34:59
339,1030,2,2026-04-16 20:56:36
339,1028,1,2026-04-16 20:56:36
340,1004,2,2026-04-16 13:30:34
340,1003,2,2026-04-16 13:30:34
340,1001,1,2026-04-16 13:30:34
341,1032,1,2026-04-16 14:26:56
342,1025,2,2026-04-16 14:16:05
343,1011,1,2026-04-16 19:34:51
344,1016,1,2026-04-16 05:06:18
344,1017,1,2026-04-16 05:06:18
345,1002,2,2026-04-16 07:49:25
346,1030,1,2026-04-16 20:02:12
346,1027,1,2026-04-16 20:02:12
347,1032,1,2026-04-16 13:03:55
347,1034,2,2026-04-16 13:03:55
347,1035,1,2026-04-16 13:03:55
348,1056,1,2026-04-16 19:21:59
348,1060,1,2026-04-16 19:21:59
349,1058,1,2026-04-16 09:14:20
349,1059,1,2026-04-16 09:14:20
350,1040,2,2026-04-16 11:22:20
351,1049,1,2026-04-16 17:28:18
352,1018,1,2026-04-17 21:39:54
352,1016,1,2026-04-17 21:39:54
353,1051,1,2026-04-17 19:02:53
354,1025,1,2026-04-17 06:41:53
355,1004,2,2026-04-17 08:51:40
356,1003,1,2026-04-17 20:17:33
357,1041,2,2026-04-17 18:11:35
358,1052,1,2026-04-17 15:42:27
359,1055,1,2026-04-17 10:38:28
359,1053,1,2026-04-17 10:38:28
359,1052,2,2026-04-17 10:38:28
360,1003,1,2026-04-17 06:18:38
361,1048,1,2026-04-17 21:01:49
361,1047,1,2026-04-17 21:01:49
362,1045,2,2026-04-17 20:46:20
363,1022,1,2026-04-17 13:52:27
363,1021,1,2026-04-17 13:52:27
364,1034,1,2026-04-17 22:48:38
365,1042,1,2026-04-17 15:44:08
366,1014,1,2026-04-17 17:47:33
367,1018,1,2026-04-17 09:26:27
368,1016,1,2026-04-17 20:12:43
368,1020,1,2026-04-17 20:12:43
369,1001,1,2026-04-17 21:52:18
369,1003,1,2026-04-17 21:52:18
370,1053,1,2026-04-17 19:24:37
371,1054,1,2026-04-17 21:42:23
372,1013,1,2026-04-18 22:01:02
373,1035,1,2026-04-18 13:22:22
374,1034,1,2026-04-18 10:57:25
375,1013,2,2026-04-18 18:14:26
376,1052,1,2026-04-18 19:57:33
377,1058,2,2026-04-18 13:35:34
378,1016,1,2026-04-18 21:59:47
378,1017,2,2026-04-18 21:59:47
379,1031,1,2026-04-18 18:39:14
380,1027,1,2026-04-18 10:54:38
380,1029,1,2026-04-18 10:54:38
381,1060,1,2026-04-18 11:11:59
382,1031,1,2026-04-18 14:47:36
383,1031,1,2026-04-18 21:56:15
384,1028,1,2026-04-18 22:12:18
384,1029,1,2026-04-18 22:12:18
385,1050,1,2026-04-18 17:09:29
386,1022,1,2026-04-18 19:08:25
387,1012,1,2026-04-18 11:29:05
387,1011,1,2026-04-18 11:29:05
388,1042,1,2026-04-18 17:24:46
389,1019,1,2026-04-18 20:03:26
389,1018,1,2026-04-18 20:03:26
390,1030,1,2026-04-18 11:42:30
391,1016,1,2026-04-18 18:38:19
392,1003,2,2026-04-18 20:23:59
392,1005,2,2026-04-18 20:23:59
393,1008,1,2026-04-18 17:18:30
393,1010,1,2026-04-18 17:18:30
394,1056,1,2026-04-18 07:36:46
395,1023,2,2026-04-18 20:45:18
395,1025,1,2026-04-18 20:45:18
396,1008,3,2026-04-18 18:31:51
397,1047,1,2026-04-18 07:22:35
398,1048,2,2026-04-18 19:39:01
399,1030,1,2026-04-18 20:41:08
399,1028,2,2026-04-18 20:41:08
400,1040,1,2026-04-18 21:19:36
401,1018,3,2026-04-18 20:56:50
401,1016,1,2026-04-18 20:56:50
401,1017,2,2026-04-18 20:56:50
402,1043,1,2026-04-18 11:07:55
403,1004,2,2026-04-19 07:12:58
404,1056,1,2026-04-19 20:33:43
405,1001,1,2026-04-19 09:19:59
405,1003,1,2026-04-19 09:19:59
406,1042,1,2026-04-19 20:01:36
406,1043,1,2026-04-19 20:01:36
407,1006,3,2026-04-19 15:07:17
408,1018,1,2026-04-19 11:22:35
409,1034,1,2026-04-19 11:38:57
409,1033,2,2026-04-19 11:38:57
410,1042,1,2026-04-19 20:05:59
411,1039,1,2026-04-19 16:29:19
411,1040,1,2026-04-19 16:29:19
412,1008,1,2026-04-19 12:23:25
412,1010,1,2026-04-19 12:23:25
412,1007,1,2026-04-19 12:23:25
413,1031,1,2026-04-19 10:49:22
414,1044,1,2026-04-19 13:41:04
415,1042,1,2026-04-19 20:27:36
416,1029,1,2026-04-19 22:36:53
417,1032,2,2026-04-19 14:31:41
418,1033,1,2026-04-19 20:48:09
419,1018,1,2026-04-19 11:56:20
419,1019,2,2026-04-19 11:56:20
420,1046,2,2026-04-19 02:32:25
420,1048,3,2026-04-19 02:32:25
421,1027,1,2026-04-19 19:25:24
422,1009,1,2026-04-19 03:41:01
422,1007,1,2026-04-19 03:41:01
423,1024,2,2026-04-19 14:14:11
424,1060,3,2026-04-19 13:37:30
425,1032,1,2026-04-19 12:33:05
426,1046,2,2026-04-19 08:40:34
427,1038,1,2026-04-20 16:30:36
428,1044,1,2026-04-20 07:18:51
429,1033,1,2026-04-20 20:16:08
430,1031,3,2026-04-20 12:11:51
431,1057,1,2026-04-20 10:31:48
431,1059,1,2026-04-20 10:31:48
432,1042,1,2026-04-20 13:41:16
433,1034,1,2026-04-20 20:48:59
434,1020,1,2026-04-20 09:34:40
434,1018,1,2026-04-20 09:34:40
435,1031,1,2026-04-20 19:11:20
435,1035,1,2026-04-20 19:11:20
436,1006,1,2026-04-20 11:18:16
437,1006,1,2026-04-20 21:38:40
437,1007,2,2026-04-20 21:38:40
437,1009,1,2026-04-20 21:38:40
438,1016,2,2026-04-20 09:11:16
438,1019,1,2026-04-20 09:11:16
439,1007,1,2026-04-20 12:52:16
440,1004,2,2026-04-20 12:02:04
440,1001,1,2026-04-20 12:02:04
441,1009,1,2026-04-20 07:24:17
442,1046,1,2026-04-20 16:27:25
442,1047,3,2026-04-20 16:27:25
443,1058,1,2026-04-20 09:34:59
444,1059,2,2026-04-20 08:34:54
445,1032,1,2026-04-21 13:05:56
445,1031,1,2026-04-21 13:05:56
446,1034,3,2026-04-21 14:50:34
447,1055,1,2026-04-21 15:43:55
448,1031,1,2026-04-21 20:06:29
448,1035,1,2026-04-21 20:06:29
449,1049,3,2026-04-21 20:27:21
449,1048,1,2026-04-21 20:27:21
449,1046,1,2026-04-21 20:27:21
450,1008,1,2026-04-21 11:02:37
451,1001,1,2026-04-21 18:49:10
452,1024,1,2026-04-21 19:56:18
452,1022,1,2026-04-21 19:56:18
453,1039,1,2026-04-21 12:11:39
454,1032,1,2026-04-21 13:48:34
455,1029,1,2026-04-21 19:18:13
456,1001,2,2026-04-21 17:10:50
457,1042,1,2026-04-21 18:26:12
457,1041,1,2026-04-21 18:26:12
457,1045,1,2026-04-21 18:26:12
458,1018,1,2026-04-21 15:12:40
459,1028,1,2026-04-21 12:07:54
460,1030,1,2026-04-21 08:54:33
460,1029,1,2026-04-21 08:54:33
460,1027,1,2026-04-21 08:54:33
461,1021,1,2026-04-21 20:32:02
462,1034,2,2026-04-21 23:01:30
463,1007,1,2026-04-21 23:29:49
463,1008,1,2026-04-21 23:29:49
464,1043,1,2026-04-21 17:50:13
465,1043,1,2026-04-22 19:35:45
466,1036,1,2026-04-22 13:17:32
467,1040,1,2026-04-22 17:07:30
467,1038,1,2026-04-22 17:07:30
468,1006,1,2026-04-22 20:56:04
468,1010,1,2026-04-22 20:56:04
469,1037,1,2026-04-22 09:17:07
470,1054,1,2026-04-22 14:43:34
471,1050,1,2026-04-22 11:01:55
471,1048,1,2026-04-22 11:01:55
472,1034,1,2026-04-22 16:42:44
473,1053,3,2026-04-22 12:10:39
473,1052,2,2026-04-22 12:10:39
474,1005,1,2026-04-22 20:10:15
474,1002,1,2026-04-22 20:10:15
474,1004,1,2026-04-22 20:10:15
475,1010,1,2026-04-22 22:59:20
475,1008,1,2026-04-22 22:59:20
475,1009,1,2026-04-22 22:59:20
476,1038,1,2026-04-22 19:51:36
476,1036,1,2026-04-22 19:51:36
476,1040,1,2026-04-22 19:51:36
477,1004,1,2026-04-22 22:17:12
478,1031,2,2026-04-22 14:31:20
479,1039,2,2026-04-22 21:05:13
480,1060,2,2026-04-22 13:55:33
481,1018,2,2026-04-22 11:53:24
482,1032,1,2026-04-22 18:07:41
483,1035,1,2026-04-22 06:48:17
483,1033,1,2026-04-22 06:48:17
483,1034,1,2026-04-22 06:48:17
484,1038,1,2026-04-22 20:23:32
485,1032,2,2026-04-23 07:18:33
486,1018,2,2026-04-23 12:44:44
487,1035,1,2026-04-23 21:50:57
487,1031,2,2026-04-23 21:50:57
488,1036,1,2026-04-23 20:21:11
489,1009,1,2026-04-23 19:19:08
489,1006,1,2026-04-23 19:19:08
489,1010,1,2026-04-23 19:19:08
490,1033,1,2026-04-23 09:38:13
491,1032,1,2026-04-23 17:06:52
492,1057,2,2026-04-23 21:34:00
493,1027,1,2026-04-23 13:37:11
493,1028,1,2026-04-23 13:37:11
493,1030,1,2026-04-23 13:37:11
494,1008,1,2026-04-23 09:07:33
494,1006,1,2026-04-23 09:07:33
495,1048,1,2026-04-23 11:04:57
496,1031,1,2026-04-23 19:25:28
496,1032,1,2026-04-23 19:25:28
497,1017,1,2026-04-23 22:10:04
498,1035,2,2026-04-23 12:27:46
498,1033,2,2026-04-23 12:27:46
499,1057,2,2026-04-23 16:38:25
500,1022,1,2026-04-23 16:01:11
500,1023,1,2026-04-23 16:01:11
501,1004,1,2026-04-23 20:34:34
501,1001,1,2026-04-23 20:34:34
502,1005,1,2026-04-23 19:31:48
502,1004,2,2026-04-23 19:31:48
503,1033,1,2026-04-23 12:37:24
504,1013,1,2026-04-23 14:03:42
505,1006,1,2026-04-23 21:07:21
506,1001,3,2026-04-23 17:26:17
507,1009,1,2026-04-23 20:42:21
508,1013,3,2026-04-23 08:54:34
509,1018,1,2026-04-24 17:27:13
510,1040,1,2026-04-24 11:01:40
510,1039,3,2026-04-24 11:01:40
511,1049,1,2026-04-24 12:40:34
511,1046,1,2026-04-24 12:40:34
512,1020,1,2026-04-24 21:17:52
513,1008,2,2026-04-24 19:02:12
514,1054,1,2026-04-24 08:38:19
514,1053,1,2026-04-24 08:38:19
514,1055,3,2026-04-24 08:38:19
515,1035,3,2026-04-24 12:36:47
516,1033,2,2026-04-24 16:05:15
516,1035,1,2026-04-24 16:05:15
517,1008,1,2026-04-24 12:27:13
518,1044,1,2026-04-24 12:17:56
519,1001,1,2026-04-24 19:57:38
519,1002,1,2026-04-24 19:57:38
520,1009,1,2026-04-24 13:51:43
520,1010,3,2026-04-24 13:51:43
521,1047,2,2026-04-24 12:05:59
522,1043,2,2026-04-24 20:31:30
522,1044,1,2026-04-24 20:31:30
522,1041,1,2026-04-24 20:31:30
523,1010,1,2026-04-24 19:00:25
524,1010,2,2026-04-24 15:55:47
525,1025,1,2026-04-24 08:23:11
526,1014,1,2026-04-24 17:39:40
527,1033,1,2026-04-24 07:39:27
528,1054,1,2026-04-24 19:27:49
529,1044,2,2026-04-25 20:17:18
530,1022,1,2026-04-25 12:43:12
531,1019,1,2026-04-25 18:58:15
531,1016,1,2026-04-25 18:58:15
532,1030,2,2026-04-25 07:59:15
533,1004,1,2026-04-25 19:51:02
534,1017,1,2026-04-25 21:08:05
535,1054,2,2026-04-25 12:53:48
536,1029,1,2026-04-25 07:11:02
537,1059,1,2026-04-25 16:28:22
538,1007,2,2026-04-25 10:22:05
539,1035,2,2026-04-25 21:37:13
539,1032,1,2026-04-25 21:37:13
539,1034,1,2026-04-25 21:37:13
540,1028,1,2026-04-25 15:45:42
540,1026,1,2026-04-25 15:45:42
541,1052,2,2026-04-25 13:46:46
541,1055,2,2026-04-25 13:46:46
542,1009,1,2026-04-25 14:01:54
543,1048,1,2026-04-25 10:19:31
543,1047,1,2026-04-25 10:19:31
544,1023,3,2026-04-25 18:27:40
545,1035,1,2026-04-25 19:09:59
545,1031,1,2026-04-25 19:09:59
546,1055,1,2026-04-25 12:08:43
546,1054,1,2026-04-25 12:08:43
547,1004,2,2026-04-25 18:49:32
547,1002,2,2026-04-25 18:49:32
548,1010,1,2026-04-25 22:55:51
549,1004,1,2026-04-25 17:00:25
550,1047,1,2026-04-25 22:43:25
551,1009,1,2026-04-25 18:50:34
552,1048,1,2026-04-25 12:18:36
553,1033,1,2026-04-26 21:47:37
554,1019,2,2026-04-26 17:27:36
555,1035,1,2026-04-26 15:32:14
555,1034,1,2026-04-26 15:32:14
556,1037,1,2026-04-26 21:43:41
556,1040,2,2026-04-26 21:43:41
557,1034,1,2026-04-26 11:10:38
557,1033,1,2026-04-26 11:10:38
558,1010,2,2026-04-26 21:22:43
558,1006,1,2026-04-26 21:22:43
559,1036,1,2026-04-26 12:09:54
560,1005,1,2026-04-26 20:53:48
561,1002,1,2026-04-26 20:02:32
561,1003,1,2026-04-26 20:02:32
562,1004,1,2026-04-26 22:49:49
562,1003,1,2026-04-26 22:49:49
563,1025,2,2026-04-26 20:26:58
564,1026,1,2026-04-26 14:49:10
565,1048,1,2026-04-26 18:40:45
565,1049,1,2026-04-26 18:40:45
566,1020,1,2026-04-26 19:20:58
566,1017,1,2026-04-26 19:20:58
567,1032,1,2026-04-26 21:05:02
568,1032,1,2026-04-26 09:35:19
568,1031,2,2026-04-26 09:35:19
569,1021,2,2026-04-26 21:19:46
570,1045,2,2026-04-26 15:15:51
571,1033,1,2026-04-26 12:20:33
571,1034,1,2026-04-26 12:20:33
572,1006,1,2026-04-26 09:27:56
573,1054,3,2026-04-26 17:49:25
574,1009,1,2026-04-26 20:26:52
575,1048,1,2026-04-26 13:07:38
576,1053,1,2026-04-26 20:26:03
577,1004,1,2026-04-26 00:35:22
578,1047,1,2026-04-26 13:24:30
578,1050,1,2026-04-26 13:24:30
579,1051,1,2026-04-26 13:02:42
579,1052,1,2026-04-26 13:02:42
580,1035,1,2026-04-26 13:41:07
581,1035,1,2026-04-26 17:48:30
582,1004,1,2026-04-27 07:55:59
583,1032,1,2026-04-27 12:07:06
584,1024,3,2026-04-27 14:20:09
585,1035,1,2026-04-27 11:48:38
586,1035,1,2026-04-27 05:35:37
587,1035,1,2026-04-27 23:50:15
588,1022,1,2026-04-27 18:53:43
589,1001,2,2026-04-27 10:34:36
590,1033,3,2026-04-27 21:13:39
590,1035,1,2026-04-27 21:13:39
591,1034,2,2026-04-27 16:57:00
592,1034,3,2026-04-27 21:41:04
592,1031,1,2026-04-27 21:41:04
592,1032,1,2026-04-27 21:41:04
593,1003,2,2026-04-27 21:22:12
594,1032,1,2026-04-27 09:17:36
595,1032,2,2026-04-27 18:11:04
595,1033,2,2026-04-27 18:11:04
596,1035,1,2026-04-27 20:12:54
596,1033,1,2026-04-27 20:12:54
596,1034,2,2026-04-27 20:12:54
597,1046,1,2026-04-27 07:20:27
598,1039,1,2026-04-27 17:02:56
599,1013,1,2026-04-27 15:04:58
600,1033,1,2026-04-27 16:51:01
600,1035,1,2026-04-27 16:51:01
601,1045,1,2026-04-27 07:21:33
601,1044,1,2026-04-27 07:21:33
601,1041,1,2026-04-27 07:21:33
602,1004,1,2026-04-27 15:06:43
603,1034,1,2026-04-27 12:38:50
604,1010,1,2026-04-28 08:50:53
605,1020,2,2026-04-28 16:41:48
606,1033,1,2026-04-28 12:52:53
607,1059,1,2026-04-28 13:37:36
608,1017,1,2026-04-28 16:49:52
608,1019,3,2026-04-28 16:49:52
609,1018,1,2026-04-28 22:12:12
610,1003,1,2026-04-28 14:50:56
610,1004,1,2026-04-28 14:50:56
610,1001,1,2026-04-28 14:50:56
611,1052,2,2026-04-28 23:56:27
612,1007,1,2026-04-28 07:39:37
613,1010,1,2026-04-28 20:39:04
614,1039,1,2026-04-28 13:23:33
614,1040,1,2026-04-28 13:23:33
615,1052,1,2026-04-28 19:13:14
616,1035,1,2026-04-28 15:22:14
617,1017,1,2026-04-28 14:51:31
618,1002,1,2026-04-28 22:06:07
619,1040,3,2026-04-28 13:52:49
620,1013,2,2026-04-28 19:34:58
620,1015,1,2026-04-28 19:34:58
621,1034,1,2026-04-28 20:30:14
621,1035,1,2026-04-28 20:30:14
622,1010,1,2026-04-28 20:44:26
623,1043,1,2026-04-28 19:25:48
624,1035,1,2026-04-29 10:21:36
625,1007,2,2026-04-29 19:19:05
625,1006,1,2026-04-29 19:19:05
626,1052,3,2026-04-29 17:10:20
627,1008,1,2026-04-29 20:42:30
628,1059,1,2026-04-29 15:12:00
629,1032,1,2026-04-29 19:19:25
629,1034,2,2026-04-29 19:19:25
630,1036,1,2026-04-29 14:42:11
631,1032,2,2026-04-29 21:34:18
632,1031,1,2026-04-29 15:16:13
633,1051,1,2026-04-29 14:47:25
634,1030,1,2026-04-29 13:47:29
635,1046,1,2026-04-29 10:52:17
636,1015,1,2026-04-29 06:43:34
636,1011,1,2026-04-29 06:43:34
637,1031,2,2026-04-29 13:12:43
638,1033,1,2026-04-29 19:02:26
638,1032,2,2026-04-29 19:02:26
639,1016,2,2026-04-29 11:42:52
639,1020,1,2026-04-29 11:42:52
640,1035,3,2026-04-29 23:06:45
640,1032,1,2026-04-29 23:06:45
640,1034,3,2026-04-29 23:06:45
641,1008,3,2026-04-29 22:49:44
642,1032,1,2026-04-29 13:38:58
643,1054,2,2026-04-29 12:39:48
644,1022,1,2026-04-30 16:12:09
644,1024,1,2026-04-30 16:12:09
645,1002,2,2026-04-30 13:13:34
645,1005,1,2026-04-30 13:13:34
645,1003,1,2026-04-30 13:13:34
646,1002,1,2026-04-30 21:04:12
646,1005,1,2026-04-30 21:04:12
646,1001,2,2026-04-30 21:04:12
647,1016,1,2026-04-30 15:40:12
647,1018,1,2026-04-30 15:40:12
648,1034,1,2026-04-30 12:34:09
649,1017,2,2026-04-30 17:30:04
649,1020,1,2026-04-30 17:30:04
650,1053,1,2026-04-30 19:31:25
650,1054,3,2026-04-30 19:31:25
650,1052,1,2026-04-30 19:31:25
651,1008,1,2026-04-30 09:59:36
651,1010,1,2026-04-30 09:59:36
652,1024,1,2026-04-30 07:24:59
653,1035,1,2026-04-30 19:01:44
654,1046,1,2026-04-30 12:37:42
655,1034,1,2026-04-30 19:57:05
656,1003,1,2026-04-30 21:46:55
656,1002,1,2026-04-30 21:46:55
657,1034,1,2026-04-30 13:10:52
658,1009,1,2026-04-30 15:11:23
659,1007,3,2026-04-30 17:13:11
659,1008,2,2026-04-30 17:13:11
660,1043,2,2026-04-30 12:31:43
661,1043,1,2026-04-30 12:31:30
662,1023,2,2026-04-30 20:23:42
663,1037,1,2026-04-30 15:44:25
663,1036,2,2026-04-30 15:44:25
664,1001,3,2026-05-01 22:52:20
665,1021,1,2026-05-01 15:38:31
666,1039,1,2026-05-01 16:42:54
667,1059,3,2026-05-01 08:53:43
667,1057,1,2026-05-01 08:53:43
667,1060,1,2026-05-01 08:53:43
668,1057,1,2026-05-01 19:42:30
668,1059,1,2026-05-01 19:42:30
669,1004,1,2026-05-01 18:59:38
670,1011,1,2026-05-01 15:14:14
671,1019,1,2026-05-01 11:07:36
671,1016,1,2026-05-01 11:07:36
672,1048,2,2026-05-01 09:00:34
673,1041,1,2026-05-01 10:18:09
673,1043,3,2026-05-01 10:18:09
674,1002,1,2026-05-01 20:44:47
674,1004,1,2026-05-01 20:44:47
675,1024,3,2026-05-01 21:01:35
676,1020,1,2026-05-01 08:46:18
676,1019,2,2026-05-01 08:46:18
676,1016,1,2026-05-01 08:46:18
677,1034,1,2026-05-01 22:19:29
678,1004,1,2026-05-01 19:10:59
679,1039,2,2026-05-01 12:31:19
679,1036,1,2026-05-01 12:31:19
679,1037,1,2026-05-01 12:31:19
680,1010,1,2026-05-01 03:07:05
680,1007,1,2026-05-01 03:07:05
681,1034,1,2026-05-01 19:06:50
682,1050,2,2026-05-01 17:34:50
683,1041,1,2026-05-01 20:07:48
683,1042,1,2026-05-01 20:07:48
683,1043,1,2026-05-01 20:07:48
684,1015,2,2026-05-02 10:42:00
685,1002,1,2026-05-02 17:13:44
685,1001,1,2026-05-02 17:13:44
686,1020,1,2026-05-02 18:13:37
687,1023,1,2026-05-02 14:57:10
688,1037,1,2026-05-02 17:04:40
688,1038,2,2026-05-02 17:04:40
688,1039,1,2026-05-02 17:04:40
689,1018,1,2026-05-02 08:40:05
690,1021,1,2026-05-02 02:24:14
691,1005,2,2026-05-02 18:51:31
692,1017,2,2026-05-02 09:03:10
692,1018,1,2026-05-02 09:03:10
693,1026,1,2026-05-02 18:54:25
694,1038,1,2026-05-02 09:24:36
695,1053,3,2026-05-02 22:33:45
695,1051,1,2026-05-02 22:33:45
696,1032,1,2026-05-02 20:00:27
696,1034,3,2026-05-02 20:00:27
696,1035,2,2026-05-02 20:00:27
697,1049,1,2026-05-02 04:12:58
698,1050,1,2026-05-02 23:42:58
698,1046,3,2026-05-02 23:42:58
699,1007,1,2026-05-02 20:57:14
700,1057,2,2026-05-02 16:10:23
701,1020,1,2026-05-02 09:19:30
702,1049,2,2026-05-02 22:41:32
703,1016,1,2026-05-02 13:39:29
704,1035,2,2026-05-02 13:06:27
705,1019,1,2026-05-02 21:34:51
705,1017,1,2026-05-02 21:34:51
705,1016,1,2026-05-02 21:34:51
706,1008,2,2026-05-02 09:18:02
707,1044,1,2026-05-02 09:48:48
708,1032,1,2026-05-02 05:09:22
708,1031,1,2026-05-02 05:09:22
709,1019,1,2026-05-02 02:30:18
710,1045,1,2026-05-02 15:30:45
711,1022,1,2026-05-03 11:55:03
712,1001,1,2026-05-03 14:20:57
713,1002,1,2026-05-03 13:06:42
714,1033,1,2026-05-03 20:37:33
715,1055,1,2026-05-03 11:45:28
716,1048,2,2026-05-03 21:48:54
717,1060,1,2026-05-03 10:17:44
718,1036,1,2026-05-03 20:25:31
718,1037,1,2026-05-03 20:25:31
719,1007,1,2026-05-03 14:17:13
720,1001,1,2026-05-03 17:10:14
721,1042,1,2026-05-03 22:17:55
721,1045,1,2026-05-03 22:17:55
722,1047,1,2026-05-03 13:03:40
722,1048,3,2026-05-03 13:03:40
723,1004,2,2026-05-03 20:49:37
723,1003,1,2026-05-03 20:49:37
724,1009,1,2026-05-03 15:20:17
724,1007,1,2026-05-03 15:20:17
725,1019,1,2026-05-03 11:18:01
725,1017,1,2026-05-03 11:18:01
726,1047,1,2026-05-03 09:00:48
726,1050,2,2026-05-03 09:00:48
726,1046,1,2026-05-03 09:00:48
727,1036,1,2026-05-03 22:06:34
728,1017,1,2026-05-03 21:52:10
729,1001,1,2026-05-03 17:01:52
730,1013,1,2026-05-03 00:14:01
731,1003,2,2026-05-03 09:18:22
732,1022,1,2026-05-03 07:09:11
733,1036,2,2026-05-03 22:51:58
734,1024,1,2026-05-03 19:20:09
734,1021,1,2026-05-03 19:20:09
735,1044,1,2026-05-03 08:08:11
736,1007,1,2026-05-03 18:40:21
736,1009,1,2026-05-03 18:40:21
736,1010,1,2026-05-03 18:40:21
737,1022,1,2026-05-03 14:37:45
738,1044,1,2026-05-03 13:54:55
739,1047,1,2026-05-03 21:15:13
740,1005,1,2026-05-04 06:27:23
741,1006,1,2026-05-04 10:09:23
742,1008,1,2026-05-04 20:30:47
743,1016,1,2026-05-04 20:44:00
744,1013,1,2026-05-04 18:19:45
744,1011,3,2026-05-04 18:19:45
744,1015,2,2026-05-04 18:19:45
745,1009,1,2026-05-04 19:52:24
745,1007,1,2026-05-04 19:52:24
746,1005,1,2026-05-04 17:40:59
747,1003,2,2026-05-04 16:03:20
748,1036,2,2026-05-04 11:48:25
748,1038,1,2026-05-04 11:48:25
748,1037,1,2026-05-04 11:48:25
749,1033,1,2026-05-04 18:24:30
749,1032,1,2026-05-04 18:24:30
750,1012,3,2026-05-04 22:14:56
750,1015,1,2026-05-04 22:14:56
751,1018,1,2026-05-04 19:59:49
751,1020,2,2026-05-04 19:59:49
752,1041,1,2026-05-04 09:00:09
753,1016,1,2026-05-04 22:10:04
754,1042,2,2026-05-04 12:30:16
755,1022,1,2026-05-04 07:54:18
755,1024,2,2026-05-04 07:54:18
756,1026,2,2026-05-04 08:26:32
756,1030,1,2026-05-04 08:26:32
757,1021,1,2026-05-04 10:06:18
758,1034,1,2026-05-04 09:29:29
758,1031,1,2026-05-04 09:29:29
758,1035,3,2026-05-04 09:29:29
759,1010,1,2026-05-04 07:09:30
760,1057,2,2026-05-05 20:50:27
761,1008,1,2026-05-05 15:16:40
762,1019,1,2026-05-05 21:21:48
763,1019,1,2026-05-05 10:44:27
763,1016,2,2026-05-05 10:44:27
764,1053,1,2026-05-05 04:57:29
765,1057,3,2026-05-05 12:46:00
765,1059,1,2026-05-05 12:46:00
765,1058,1,2026-05-05 12:46:00
766,1032,3,2026-05-05 19:49:10
767,1018,1,2026-05-05 22:23:52
768,1025,1,2026-05-05 16:29:26
769,1025,1,2026-05-05 09:11:29
770,1046,1,2026-05-05 21:05:51
771,1015,1,2026-05-05 19:54:26
771,1014,2,2026-05-05 19:54:26
772,1024,2,2026-05-05 22:58:29
772,1021,2,2026-05-05 22:58:29
773,1049,1,2026-05-05 21:16:19
773,1047,2,2026-05-05 21:16:19
774,1059,2,2026-05-05 23:15:35
775,1058,1,2026-05-05 15:40:24
776,1006,1,2026-05-05 21:53:35
777,1058,1,2026-05-05 06:46:08
777,1057,2,2026-05-05 06:46:08
778,1056,2,2026-05-05 10:01:40
778,1059,1,2026-05-05 10:01:40
779,1059,1,2026-05-05 05:04:31
780,1030,1,2026-05-05 06:21:22
781,1005,2,2026-05-05 22:12:38
782,1039,1,2026-05-06 16:05:22
782,1040,3,2026-05-06 16:05:22
783,1054,1,2026-05-06 11:43:54
784,1059,1,2026-05-06 13:50:13
785,1023,1,2026-05-06 13:06:38
786,1059,1,2026-05-06 15:56:02
787,1023,1,2026-05-06 22:33:22
788,1032,1,2026-05-06 19:13:29
789,1034,2,2026-05-06 19:36:57
789,1033,1,2026-05-06 19:36:57
790,1031,1,2026-05-06 18:18:01
790,1034,2,2026-05-06 18:18:01
791,1023,1,2026-05-06 12:48:22
792,1003,2,2026-05-06 06:03:52
793,1055,3,2026-05-06 10:12:46
794,1003,1,2026-05-06 07:56:50
795,1054,1,2026-05-06 21:48:37
795,1055,1,2026-05-06 21:48:37
795,1053,1,2026-05-06 21:48:37
796,1013,1,2026-05-06 13:46:30
797,1046,1,2026-05-06 03:13:29
798,1044,1,2026-05-06 17:54:20
799,1020,1,2026-05-06 21:14:58
799,1017,1,2026-05-06 21:14:58
799,1019,1,2026-05-06 21:14:58
800,1054,1,2026-05-06 15:16:07
801,1010,1,2026-05-06 11:12:25
802,1034,1,2026-05-07 09:14:56
802,1035,1,2026-05-07 09:14:56
803,1010,1,2026-05-07 16:10:50
803,1008,1,2026-05-07 16:10:50
804,1047,1,2026-05-07 18:47:19
804,1048,1,2026-05-07 18:47:19
805,1059,2,2026-05-07 21:38:22
806,1060,2,2026-05-07 20:36:43
806,1057,2,2026-05-07 20:36:43
807,1020,1,2026-05-07 21:19:45
808,1043,1,2026-05-07 16:15:36
808,1042,2,2026-05-07 16:15:36
808,1045,1,2026-05-07 16:15:36
809,1023,1,2026-05-07 21:25:37
809,1022,1,2026-05-07 21:25:37
809,1021,2,2026-05-07 21:25:37
810,1033,1,2026-05-07 22:39:35
811,1010,3,2026-05-07 21:03:16
811,1007,1,2026-05-07 21:03:16
812,1058,2,2026-05-07 18:27:25
813,1017,1,2026-05-07 17:43:56
814,1008,1,2026-05-07 21:27:06
815,1021,2,2026-05-07 16:27:29
816,1034,1,2026-05-07 09:34:57
817,1026,1,2026-05-07 20:55:33
818,1018,2,2026-05-07 13:06:52
819,1033,1,2026-05-07 10:57:43
820,1005,2,2026-05-07 16:44:12
821,1046,2,2026-05-07 11:30:01
822,1007,2,2026-05-07 19:07:27
823,1008,1,2026-05-07 16:44:34
824,1049,1,2026-05-08 12:24:44
825,1059,1,2026-05-08 07:58:22
826,1015,1,2026-05-08 16:55:32
826,1014,1,2026-05-08 16:55:32
826,1013,1,2026-05-08 16:55:32
827,1008,1,2026-05-08 15:54:50
827,1009,2,2026-05-08 15:54:50
828,1040,1,2026-05-08 18:11:36
829,1031,1,2026-05-08 22:22:37
830,1052,3,2026-05-08 09:06:31
831,1054,2,2026-05-08 20:06:57
831,1055,1,2026-05-08 20:06:57
832,1013,1,2026-05-08 18:12:12
833,1006,1,2026-05-08 20:51:50
834,1033,1,2026-05-08 01:49:26
834,1032,3,2026-05-08 01:49:26
835,1033,1,2026-05-08 16:53:13
836,1021,1,2026-05-08 10:04:28
837,1017,1,2026-05-08 21:24:45
837,1018,1,2026-05-08 21:24:45
838,1031,1,2026-05-08 18:19:25
839,1021,1,2026-05-08 19:02:21
840,1054,1,2026-05-08 13:48:42
841,1046,3,2026-05-08 18:53:48
842,1026,1,2026-05-08 22:56:35
843,1017,2,2026-05-08 19:27:30
843,1016,1,2026-05-08 19:27:30
844,1040,1,2026-05-08 17:55:24
844,1039,2,2026-05-08 17:55:24
845,1005,3,2026-05-08 19:35:08
846,1031,2,2026-05-08 20:51:50
847,1031,1,2026-05-08 12:18:08
848,1013,1,2026-05-09 17:55:41
848,1011,1,2026-05-09 17:55:41
848,1014,3,2026-05-09 17:55:41
849,1060,1,2026-05-09 11:08:53
850,1048,2,2026-05-09 12:24:19
851,1031,2,2026-05-09 07:19:02
852,1046,1,2026-05-09 22:58:16
853,1051,3,2026-05-09 21:50:46
853,1054,2,2026-05-09 21:50:46
854,1018,3,2026-05-09 12:58:00
854,1016,2,2026-05-09 12:58:00
855,1017,1,2026-05-09 09:36:42
856,1031,1,2026-05-09 22:17:57
857,1009,1,2026-05-09 12:41:02
858,1005,1,2026-05-09 18:22:06
859,1018,1,2026-05-09 13:50:23
860,1020,1,2026-05-09 06:23:02
861,1043,1,2026-05-09 13:45:49
861,1042,1,2026-05-09 13:45:49
862,1057,1,2026-05-09 14:41:05
862,1059,2,2026-05-09 14:41:05
862,1058,1,2026-05-09 14:41:05
863,1059,1,2026-05-09 12:20:47
863,1060,1,2026-05-09 12:20:47
864,1012,2,2026-05-09 13:30:38
864,1015,1,2026-05-09 13:30:38
865,1013,1,2026-05-09 18:08:38
866,1044,1,2026-05-09 10:26:16
866,1041,1,2026-05-09 10:26:16
867,1018,3,2026-05-09 12:18:07
867,1016,1,2026-05-09 12:18:07
868,1034,2,2026-05-09 22:58:26
868,1033,1,2026-05-09 22:58:26
869,1051,1,2026-05-09 20:58:52
870,1005,1,2026-05-09 12:31:21
871,1041,1,2026-05-09 12:24:20
871,1042,1,2026-05-09 12:24:20
871,1044,1,2026-05-09 12:24:20
872,1005,2,2026-05-09 12:17:09
873,1039,1,2026-05-09 22:36:27
874,1047,1,2026-05-09 20:07:22
874,1046,1,2026-05-09 20:07:22
875,1031,1,2026-05-09 17:12:53
875,1035,1,2026-05-09 17:12:53
876,1009,1,2026-05-09 19:16:30
876,1008,1,2026-05-09 19:16:30
877,1023,1,2026-05-09 14:16:39
878,1054,1,2026-05-09 21:53:14
878,1055,1,2026-05-09 21:53:14
879,1002,2,2026-05-09 11:20:42
879,1004,2,2026-05-09 11:20:42
880,1034,1,2026-05-09 12:18:17
880,1031,1,2026-05-09 12:18:17
881,1052,1,2026-05-10 15:25:16
882,1051,3,2026-05-10 15:14:36
883,1059,1,2026-05-10 10:34:01
884,1002,1,2026-05-10 13:49:35
885,1011,2,2026-05-10 14:35:46
886,1007,1,2026-05-10 14:31:02
887,1042,2,2026-05-10 12:07:52
887,1043,1,2026-05-10 12:07:52
888,1005,1,2026-05-10 20:26:01
888,1002,1,2026-05-10 20:26:01
889,1022,3,2026-05-10 22:36:30
890,1034,1,2026-05-10 12:44:34
891,1014,1,2026-05-10 17:06:28
891,1012,1,2026-05-10 17:06:28
891,1015,1,2026-05-10 17:06:28
892,1044,1,2026-05-10 17:53:36
893,1032,1,2026-05-10 20:50:31
894,1001,1,2026-05-10 17:47:46
895,1006,2,2026-05-10 17:07:10
895,1010,1,2026-05-10 17:07:10
896,1033,1,2026-05-10 16:47:55
897,1033,1,2026-05-10 21:43:17
898,1052,1,2026-05-10 15:59:21
898,1055,2,2026-05-10 15:59:21
899,1031,1,2026-05-10 15:06:03
900,1009,1,2026-05-10 13:00:59
901,1007,2,2026-05-10 09:13:17
902,1050,1,2026-05-10 14:36:49
903,1002,1,2026-05-10 00:14:13
903,1005,2,2026-05-10 00:14:13
904,1040,1,2026-05-10 14:49:24
905,1045,1,2026-05-10 17:31:44
905,1044,1,2026-05-10 17:31:44
906,1040,2,2026-05-10 15:42:22
907,1044,1,2026-05-10 14:11:59
908,1023,1,2026-05-10 19:41:30
908,1025,1,2026-05-10 19:41:30
908,1024,1,2026-05-10 19:41:30
909,1030,2,2026-05-10 23:40:29
910,1040,1,2026-05-11 09:28:40
911,1048,2,2026-05-11 18:01:21
911,1047,1,2026-05-11 18:01:21
912,1021,1,2026-05-11 04:42:25
912,1025,2,2026-05-11 04:42:25
913,1018,1,2026-05-11 21:00:19
914,1001,1,2026-05-11 17:29:05
915,1011,2,2026-05-11 20:50:00
916,1052,1,2026-05-11 21:41:57
916,1053,1,2026-05-11 21:41:57
917,1020,1,2026-05-11 15:05:31
918,1022,3,2026-05-11 10:53:37
919,1044,1,2026-05-11 20:05:32
920,1008,1,2026-05-11 19:11:30
921,1031,1,2026-05-11 06:44:06
921,1032,1,2026-05-11 06:44:06
922,1006,1,2026-05-11 11:22:19
923,1023,1,2026-05-11 18:27:46
923,1025,1,2026-05-11 18:27:46
924,1035,2,2026-05-11 14:01:10
924,1032,1,2026-05-11 14:01:10
924,1033,1,2026-05-11 14:01:10
925,1047,1,2026-05-11 13:49:09
926,1002,1,2026-05-11 21:19:19
927,1018,1,2026-05-11 19:54:49
928,1032,1,2026-05-11 19:58:30
928,1031,1,2026-05-11 19:58:30
929,1049,1,2026-05-11 20:57:18
929,1050,1,2026-05-11 20:57:18
930,1008,1,2026-05-11 06:56:38
931,1004,1,2026-05-11 18:25:58
932,1010,2,2026-05-11 16:16:26
933,1031,1,2026-05-11 13:46:06
934,1050,1,2026-05-12 20:07:38
934,1048,2,2026-05-12 20:07:38
934,1047,3,2026-05-12 20:07:38
935,1026,1,2026-05-12 18:55:29
936,1018,2,2026-05-12 07:38:43
937,1025,1,2026-05-12 20:34:47
938,1020,1,2026-05-12 16:57:17
939,1033,1,2026-05-12 22:52:33
940,1006,3,2026-05-12 13:25:01
940,1009,2,2026-05-12 13:25:01
941,1041,1,2026-05-12 18:34:54
941,1043,1,2026-05-12 18:34:54
942,1020,2,2026-05-12 20:49:11
942,1019,1,2026-05-12 20:49:11
943,1040,1,2026-05-12 09:14:01
944,1034,2,2026-05-12 15:26:40
945,1025,1,2026-05-12 10:24:16
945,1021,1,2026-05-12 10:24:16
946,1021,2,2026-05-12 10:22:36
946,1023,3,2026-05-12 10:22:36
946,1024,1,2026-05-12 10:22:36
947,1001,1,2026-05-12 18:54:07
948,1043,1,2026-05-12 21:17:20
948,1044,1,2026-05-12 21:17:20
949,1053,1,2026-05-12 20:28:10
950,1054,3,2026-05-12 15:11:43
951,1034,1,2026-05-12 14:01:20
952,1032,2,2026-05-12 20:56:50
953,1035,1,2026-05-12 08:01:13
954,1004,2,2026-05-12 12:46:04
955,1060,1,2026-05-12 14:50:26
955,1056,1,2026-05-12 14:50:26
956,1016,1,2026-05-13 16:46:03
957,1043,2,2026-05-13 18:28:27
958,1022,2,2026-05-13 09:10:23
959,1018,1,2026-05-13 13:44:28
960,1005,1,2026-05-13 10:33:18
960,1003,1,2026-05-13 10:33:18
961,1027,1,2026-05-13 18:30:45
962,1054,1,2026-05-13 13:32:47
963,1029,1,2026-05-13 19:55:33
964,1006,1,2026-05-13 11:13:14
965,1016,3,2026-05-13 21:47:12
966,1041,1,2026-05-13 17:34:54
966,1044,1,2026-05-13 17:34:54
967,1041,1,2026-05-13 12:17:05
967,1042,1,2026-05-13 12:17:05
968,1030,1,2026-05-13 16:28:05
969,1054,1,2026-05-13 02:27:55
969,1052,1,2026-05-13 02:27:55
970,1018,1,2026-05-13 12:26:38
970,1019,3,2026-05-13 12:26:38
971,1057,1,2026-05-13 16:20:57
972,1030,1,2026-05-13 13:59:55
972,1027,1,2026-05-13 13:59:55
973,1042,1,2026-05-13 10:10:12
973,1045,1,2026-05-13 10:10:12
974,1019,1,2026-05-13 20:49:46
974,1018,1,2026-05-13 20:49:46
974,1017,1,2026-05-13 20:49:46
975,1044,1,2026-05-13 13:36:25
976,1019,1,2026-05-13 19:18:53
977,1026,1,2026-05-13 20:39:32
978,1056,1,2026-05-13 19:15:17
979,1016,1,2026-05-13 17:28:59
980,1035,1,2026-05-13 20:55:09
981,1038,2,2026-05-13 08:50:44
982,1004,1,2026-05-13 12:47:59
983,1016,3,2026-05-14 17:58:32
984,1031,3,2026-05-14 20:31:18
984,1035,2,2026-05-14 20:31:18
985,1032,2,2026-05-14 16:54:05
986,1052,1,2026-05-14 20:29:28
986,1053,1,2026-05-14 20:29:28
986,1051,1,2026-05-14 20:29:28
987,1001,1,2026-05-14 20:27:56
988,1043,2,2026-05-14 15:42:12
989,1006,1,2026-05-14 10:49:09
990,1058,2,2026-05-14 20:34:22
991,1013,2,2026-05-14 13:27:17
991,1011,3,2026-05-14 13:27:17
991,1014,1,2026-05-14 13:27:17
992,1044,1,2026-05-14 15:47:54
993,1010,1,2026-05-14 09:48:13
994,1035,1,2026-05-14 11:05:51
995,1058,3,2026-05-14 14:26:25
996,1014,1,2026-05-14 22:41:19
996,1015,3,2026-05-14 22:41:19
997,1012,1,2026-05-14 13:09:54
998,1007,2,2026-05-14 20:26:11
999,1042,1,2026-05-14 13:59:07
1000,1001,2,2026-05-14 21:39:20
1001,1001,3,2026-05-14 04:57:14
1001,1004,2,2026-05-14 04:57:14
1001,1002,1,2026-05-14 04:57:14
1002,1035,1,2026-05-14 19:06:30
1002,1032,1,2026-05-14 19:06:30
1003,1005,1,2026-05-14 11:05:47
1004,1053,1,2026-05-14 23:17:48
1005,1047,1,2026-05-14 21:47:57
1005,1050,1,2026-05-14 21:47:57
1006,1033,1,2026-05-14 10:20:00
1007,1031,2,2026-05-14 14:13:29
1008,1009,2,2026-05-14 22:21:57
1009,1033,1,2026-05-14 19:21:48
1010,1060,1,2026-05-15 13:27:35
1011,1046,1,2026-05-15 23:12:09
1012,1055,1,2026-05-15 18:09:36
1013,1034,1,2026-05-15 22:45:09
1013,1032,3,2026-05-15 22:45:09
1013,1035,1,2026-05-15 22:45:09
1014,1034,1,2026-05-15 11:46:39
1015,1024,1,2026-05-15 20:51:15
1016,1031,1,2026-05-15 10:28:09
1016,1035,1,2026-05-15 10:28:09
1017,1020,1,2026-05-15 16:42:28
1018,1009,1,2026-05-15 18:27:37
1018,1008,1,2026-05-15 18:27:37
1019,1014,1,2026-05-15 22:55:23
1019,1015,1,2026-05-15 22:55:23
1020,1053,1,2026-05-15 21:46:17
1020,1054,1,2026-05-15 21:46:17
1021,1035,1,2026-05-15 20:31:35
1022,1046,1,2026-05-15 07:06:37
1022,1050,2,2026-05-15 07:06:37
1023,1004,1,2026-05-15 15:55:33
1024,1018,1,2026-05-15 15:57:16
1024,1017,2,2026-05-15 15:57:16
1025,1048,1,2026-05-15 13:52:11
1025,1050,1,2026-05-15 13:52:11
1026,1054,1,2026-05-15 13:19:06
1027,1053,2,2026-05-15 20:12:16
1028,1003,2,2026-05-15 10:10:20
1029,1006,1,2026-05-15 12:35:34
1030,1048,1,2026-05-15 10:24:06
1030,1046,1,2026-05-15 10:24:06
1031,1002,1,2026-05-15 17:42:17
1032,1025,1,2026-05-16 17:36:12
1032,1024,2,2026-05-16 17:36:12
1033,1048,1,2026-05-16 12:50:23
1034,1057,2,2026-05-16 13:22:04
1035,1036,2,2026-05-16 23:50:32
1036,1057,1,2026-05-16 13:44:41
1036,1059,2,2026-05-16 13:44:41
1037,1060,1,2026-05-16 16:27:04
1038,1006,1,2026-05-16 13:55:45
1038,1008,3,2026-05-16 13:55:45
1039,1044,1,2026-05-16 18:27:45
1040,1015,1,2026-05-16 19:19:21
1040,1014,1,2026-05-16 19:19:21
1041,1036,2,2026-05-16 21:39:03
1042,1053,1,2026-05-16 21:01:41
1042,1051,1,2026-05-16 21:01:41
1043,1038,1,2026-05-16 14:26:24
1044,1020,1,2026-05-16 23:40:05
1044,1018,1,2026-05-16 23:40:05
1045,1001,1,2026-05-16 19:06:10
1045,1005,1,2026-05-16 19:06:10
1045,1002,2,2026-05-16 19:06:10
1046,1035,1,2026-05-16 08:11:12
1047,1030,2,2026-05-16 16:52:52
1047,1026,1,2026-05-16 16:52:52
1048,1034,1,2026-05-16 13:29:59
1048,1031,1,2026-05-16 13:29:59
1049,1045,1,2026-05-16 21:42:45
1050,1035,1,2026-05-16 17:36:44
1051,1033,1,2026-05-16 06:06:20
1052,1031,1,2026-05-16 20:44:03
1053,1016,1,2026-05-16 18:11:41
1054,1004,3,2026-05-16 16:43:44
1055,1035,1,2026-05-16 13:45:13
1056,1018,2,2026-05-16 21:07:59
1056,1017,1,2026-05-16 21:07:59
1056,1019,2,2026-05-16 21:07:59
1057,1051,1,2026-05-16 22:41:47
1058,1006,1,2026-05-16 07:49:28
1058,1010,2,2026-05-16 07:49:28
1059,1014,1,2026-05-16 17:10:47
1059,1013,1,2026-05-16 17:10:47
1060,1051,1,2026-05-16 20:25:52
1061,1026,2,2026-05-16 17:02:30
1062,1032,1,2026-05-16 20:42:59
1062,1033,3,2026-05-16 20:42:59
1062,1031,1,2026-05-16 20:42:59
1063,1003,1,2026-05-17 15:57:41
1064,1031,1,2026-05-17 12:10:09
1065,1004,2,2026-05-17 19:00:24
1066,1037,1,2026-05-17 18:24:18
1067,1029,1,2026-05-17 23:40:29
1067,1028,1,2026-05-17 23:40:29
1067,1026,1,2026-05-17 23:40:29
1068,1002,1,2026-05-17 21:23:47
1068,1001,1,2026-05-17 21:23:47
1069,1034,1,2026-05-17 23:08:53
1070,1040,1,2026-05-17 17:15:13
1071,1032,1,2026-05-17 20:26:23
1072,1052,1,2026-05-17 12:53:49
1073,1021,1,2026-05-17 19:59:33
1073,1022,1,2026-05-17 19:59:33
1073,1024,3,2026-05-17 19:59:33
1074,1044,1,2026-05-17 10:25:36
1075,1001,1,2026-05-17 06:06:50
1076,1028,1,2026-05-17 18:53:28
1076,1030,1,2026-05-17 18:53:28
1077,1055,1,2026-05-17 10:07:34
1078,1057,1,2026-05-17 19:57:15
1078,1059,1,2026-05-17 19:57:15
1079,1003,1,2026-05-17 14:10:49
1079,1004,1,2026-05-17 14:10:49
1080,1053,1,2026-05-17 22:36:22
1080,1051,1,2026-05-17 22:36:22
1080,1054,1,2026-05-17 22:36:22
1081,1020,1,2026-05-17 21:26:10
1082,1008,1,2026-05-17 05:20:57
1082,1010,1,2026-05-17 05:20:57
1083,1024,1,2026-05-17 20:01:19
1083,1025,1,2026-05-17 20:01:19
1083,1021,1,2026-05-17 20:01:19
1084,1033,1,2026-05-17 08:28:58
1084,1031,1,2026-05-17 08:28:58
1085,1006,1,2026-05-17 08:23:04
1085,1010,1,2026-05-17 08:23:04
1086,1034,1,2026-05-17 21:04:09
1086,1033,1,2026-05-17 21:04:09
1086,1035,1,2026-05-17 21:04:09
1087,1009,1,2026-05-17 14:40:33
1087,1007,1,2026-05-17 14:40:33
1088,1002,1,2026-05-17 08:11:32
1089,1037,2,2026-05-17 22:44:07
1090,1035,1,2026-05-17 10:40:53
1091,1001,1,2026-05-17 20:04:03
1092,1026,2,2026-05-17 19:57:45
1092,1028,2,2026-05-17 19:57:45
1092,1029,1,2026-05-17 19:57:45
1093,1019,1,2026-05-17 17:46:53
1094,1054,2,2026-05-17 15:29:20
1094,1055,1,2026-05-17 15:29:20
1095,1042,1,2026-05-17 14:00:27
1095,1045,1,2026-05-17 14:00:27
1096,1034,3,2026-05-17 12:12:31
1097,1013,1,2026-05-17 12:31:51
1098,1016,1,2026-05-17 20:55:08
1098,1020,1,2026-05-17 20:55:08
1098,1017,3,2026-05-17 20:55:08
1099,1060,1,2026-05-18 13:58:57
1099,1058,1,2026-05-18 13:58:57
1100,1001,1,2026-05-18 16:30:56
1101,1036,1,2026-05-18 11:49:17
1102,1032,1,2026-05-18 23:38:56
1102,1031,1,2026-05-18 23:38:56
1103,1041,1,2026-05-18 20:18:15
1104,1008,1,2026-05-18 15:24:35
1105,1029,1,2026-05-18 07:20:35
1106,1033,1,2026-05-18 13:11:20
1106,1035,1,2026-05-18 13:11:20
1107,1032,1,2026-05-18 19:45:08
1107,1035,3,2026-05-18 19:45:08
1107,1031,1,2026-05-18 19:45:08
1108,1045,1,2026-05-18 13:26:21
1109,1001,1,2026-05-18 21:14:15
1109,1005,1,2026-05-18 21:14:15
1110,1058,1,2026-05-18 11:14:09
1111,1019,1,2026-05-18 14:32:48
1112,1021,2,2026-05-18 16:53:10
1113,1025,1,2026-05-18 12:23:32
1113,1023,1,2026-05-18 12:23:32
1114,1002,1,2026-05-18 09:24:51
1114,1005,1,2026-05-18 09:24:51
1114,1003,1,2026-05-18 09:24:51
1115,1054,1,2026-05-18 03:53:11
1116,1033,2,2026-05-18 18:10:58
1117,1001,2,2026-05-18 08:06:56
1118,1036,1,2026-05-18 00:28:24
1118,1040,1,2026-05-18 00:28:24
1118,1037,1,2026-05-18 00:28:24
1119,1016,1,2026-05-18 12:41:01
1120,1036,1,2026-05-18 15:56:37
1121,1021,1,2026-05-18 19:13:04
1122,1053,1,2026-05-18 11:00:36
1122,1055,1,2026-05-18 11:00:36
1123,1041,1,2026-05-18 17:44:31
1123,1043,1,2026-05-18 17:44:31
1124,1055,1,2026-05-18 17:23:42
1124,1052,1,2026-05-18 17:23:42
1125,1002,1,2026-05-18 17:23:27
1126,1050,1,2026-05-19 18:34:40
1127,1050,1,2026-05-19 20:25:05
1127,1046,1,2026-05-19 20:25:05
1128,1032,2,2026-05-19 14:59:25
1128,1033,1,2026-05-19 14:59:25
1129,1047,2,2026-05-19 19:29:09
1129,1046,1,2026-05-19 19:29:09
1129,1048,2,2026-05-19 19:29:09
1130,1046,3,2026-05-19 12:25:19
1131,1035,1,2026-05-19 22:27:22
1132,1019,2,2026-05-19 23:31:20
1133,1055,1,2026-05-19 14:31:48
1134,1040,1,2026-05-19 13:35:49
1135,1046,1,2026-05-19 12:36:24
1136,1012,2,2026-05-19 08:30:31
1137,1010,1,2026-05-19 22:07:06
1138,1031,1,2026-05-19 16:17:27
1139,1052,1,2026-05-19 13:25:32
1139,1051,1,2026-05-19 13:25:32
1139,1054,1,2026-05-19 13:25:32
1140,1025,2,2026-05-19 12:47:44
1141,1032,1,2026-05-19 16:13:12
1142,1057,1,2026-05-19 20:30:32
1143,1014,1,2026-05-19 18:14:52
1144,1034,1,2026-05-19 20:08:30
1144,1032,1,2026-05-19 20:08:30
1145,1002,2,2026-05-19 15:01:26
1146,1035,1,2026-05-19 21:54:30
1147,1009,3,2026-05-19 18:50:36
1148,1013,1,2026-05-19 18:16:40
1149,1025,2,2026-05-19 14:16:38
1149,1022,1,2026-05-19 14:16:38
1150,1008,2,2026-05-19 21:40:15
1150,1007,2,2026-05-19 21:40:15
1151,1057,2,2026-05-19 22:52:35
1152,1059,1,2026-05-19 07:27:40
1153,1040,1,2026-05-19 20:59:47
1154,1015,1,2026-05-19 22:22:53
1155,1049,1,2026-05-20 16:06:15
1156,1015,2,2026-05-20 11:06:00
1157,1004,1,2026-05-20 11:06:54
1157,1002,1,2026-05-20 11:06:54
1158,1009,1,2026-05-20 05:48:17
1158,1008,1,2026-05-20 05:48:17
1159,1009,1,2026-05-20 15:13:23
1160,1051,1,2026-05-20 16:01:43
1161,1004,2,2026-05-20 18:23:24
1162,1031,3,2026-05-20 18:33:38
1163,1009,1,2026-05-20 17:16:28
1164,1005,1,2026-05-20 14:10:33
1164,1001,2,2026-05-20 14:10:33
1165,1032,2,2026-05-20 22:11:18
1165,1035,1,2026-05-20 22:11:18
1165,1031,1,2026-05-20 22:11:18
1166,1018,1,2026-05-20 11:50:00
1167,1044,1,2026-05-20 18:23:36
1168,1024,2,2026-05-20 20:43:48
1169,1034,1,2026-05-20 22:22:50
1169,1033,1,2026-05-20 22:22:50
1170,1003,2,2026-05-20 09:02:13
1170,1001,1,2026-05-20 09:02:13
1170,1005,1,2026-05-20 09:02:13
1171,1009,1,2026-05-20 20:25:15
1171,1008,1,2026-05-20 20:25:15
1171,1007,1,2026-05-20 20:25:15
1172,1035,1,2026-05-20 19:27:04
1173,1005,1,2026-05-20 20:35:17
1174,1026,3,2026-05-20 09:28:48
1174,1030,1,2026-05-20 09:28:48
1175,1037,2,2026-05-20 19:28:46
1176,1032,1,2026-05-20 20:09:27
1177,1030,3,2026-05-20 16:05:42
1177,1028,1,2026-05-20 16:05:42
1177,1027,1,2026-05-20 16:05:42
1178,1020,1,2026-05-20 20:40:42
1179,1003,1,2026-05-20 12:46:25
1180,1043,1,2026-05-20 17:23:26
1181,1052,1,2026-05-20 14:01:21
1182,1023,1,2026-05-20 22:37:13
1182,1022,1,2026-05-20 22:37:13
1183,1057,1,2026-05-20 20:41:09
1184,1057,2,2026-05-21 09:37:05
1185,1035,1,2026-05-21 23:06:17
1186,1015,1,2026-05-21 08:38:54
1186,1011,1,2026-05-21 08:38:54
1187,1048,1,2026-05-21 19:25:26
1188,1018,1,2026-05-21 09:46:04
1189,1035,2,2026-05-21 14:59:41
1189,1033,1,2026-05-21 14:59:41
1190,1018,1,2026-05-21 13:25:12
1191,1037,2,2026-05-21 19:25:50
1192,1042,2,2026-05-21 15:20:58
1192,1041,1,2026-05-21 15:20:58
1193,1023,2,2026-05-21 21:46:11
1193,1025,1,2026-05-21 21:46:11
1194,1035,1,2026-05-21 12:25:56
1195,1034,1,2026-05-21 20:29:46
1196,1052,1,2026-05-21 21:36:14
1196,1054,2,2026-05-21 21:36:14
1197,1015,1,2026-05-21 12:57:37
1198,1033,3,2026-05-21 21:26:01
1198,1031,1,2026-05-21 21:26:01
1198,1032,1,2026-05-21 21:26:01
1199,1003,1,2026-05-21 13:15:30
1200,1032,2,2026-05-21 13:34:44
1201,1043,1,2026-05-21 22:04:49
1201,1042,1,2026-05-21 22:04:49
1202,1048,1,2026-05-21 09:11:24
1203,1002,1,2026-05-21 20:50:49
1204,1043,2,2026-05-21 17:30:59
1205,1047,1,2026-05-21 09:32:49
1206,1014,1,2026-05-21 20:04:47
1206,1015,1,2026-05-21 20:04:47
1207,1051,1,2026-05-21 20:00:20
1208,1033,1,2026-05-21 18:30:31
1209,1018,2,2026-05-21 21:20:15
1209,1016,1,2026-05-21 21:20:15
1210,1041,3,2026-05-21 13:31:19
1211,1020,1,2026-05-21 22:49:21
1212,1041,2,2026-05-21 07:19:53
1212,1043,1,2026-05-21 07:19:53
1213,1004,2,2026-05-22 22:37:00
1214,1051,1,2026-05-22 19:36:44
1214,1054,1,2026-05-22 19:36:44
1215,1004,1,2026-05-22 11:35:15
1216,1052,1,2026-05-22 10:37:26
1217,1034,1,2026-05-22 14:41:38
1217,1032,1,2026-05-22 14:41:38
1217,1033,1,2026-05-22 14:41:38
1218,1037,2,2026-05-22 22:15:08
1219,1057,1,2026-05-22 14:13:17
1220,1026,2,2026-05-22 14:21:13
1221,1032,3,2026-05-22 14:12:55
1221,1034,1,2026-05-22 14:12:55
1221,1035,1,2026-05-22 14:12:55
1222,1005,1,2026-05-22 12:27:49
1222,1001,1,2026-05-22 12:27:49
1223,1048,1,2026-05-22 11:55:17
1223,1047,2,2026-05-22 11:55:17
1223,1049,1,2026-05-22 11:55:17
1224,1034,1,2026-05-22 09:55:42
1225,1015,2,2026-05-22 09:57:18
1226,1032,3,2026-05-22 17:11:40
1227,1037,1,2026-05-22 19:27:16
1228,1022,1,2026-05-22 17:22:06
1228,1023,1,2026-05-22 17:22:06
1229,1021,1,2026-05-22 17:31:14
1230,1026,1,2026-05-22 14:02:13
1231,1041,1,2026-05-22 15:08:14
1232,1050,1,2026-05-22 12:07:05
1232,1047,1,2026-05-22 12:07:05
1233,1052,2,2026-05-22 20:46:00
1234,1054,1,2026-05-22 08:37:14
1235,1001,1,2026-05-23 19:01:47
1235,1003,2,2026-05-23 19:01:47
1236,1053,2,2026-05-23 10:07:46
1237,1001,1,2026-05-23 21:26:06
1238,1034,1,2026-05-23 22:57:58
1239,1024,1,2026-05-23 19:13:28
1240,1032,1,2026-05-23 15:05:55
1240,1031,1,2026-05-23 15:05:55
1241,1032,1,2026-05-23 17:25:58
1241,1031,1,2026-05-23 17:25:58
1242,1012,1,2026-05-23 17:05:16
1243,1015,1,2026-05-23 11:51:50
1243,1012,1,2026-05-23 11:51:50
1244,1028,1,2026-05-23 08:48:20
1244,1026,1,2026-05-23 08:48:20
1245,1029,1,2026-05-23 08:44:12
1245,1028,1,2026-05-23 08:44:12
1246,1025,1,2026-05-23 19:22:20
1247,1010,1,2026-05-23 10:34:52
1247,1009,1,2026-05-23 10:34:52
1248,1033,1,2026-05-23 11:48:18
1248,1034,1,2026-05-23 11:48:18
1249,1013,1,2026-05-23 18:00:42
1250,1018,2,2026-05-23 12:14:20
1251,1004,1,2026-05-23 20:35:45
1252,1001,2,2026-05-23 22:11:08
1253,1031,1,2026-05-23 21:07:56
1254,1035,1,2026-05-23 19:35:30
1254,1032,1,2026-05-23 19:35:30
1254,1034,1,2026-05-23 19:35:30
1255,1009,2,2026-05-23 20:26:19
1256,1019,3,2026-05-23 21:52:24
1256,1017,1,2026-05-23 21:52:24
1256,1020,1,2026-05-23 21:52:24
1257,1032,1,2026-05-23 14:14:46
1258,1028,2,2026-05-23 20:42:05
1259,1001,1,2026-05-23 17:58:58
1260,1019,1,2026-05-23 17:53:17
1260,1016,1,2026-05-23 17:53:17
1260,1018,1,2026-05-23 17:53:17
1261,1011,1,2026-05-23 19:25:46
1262,1045,3,2026-05-23 17:46:56
1263,1040,3,2026-05-23 21:54:02
1263,1039,1,2026-05-23 21:54:02
1263,1037,3,2026-05-23 21:54:02
1264,1052,1,2026-05-23 17:55:33
1265,1019,1,2026-05-23 03:44:24
1265,1018,2,2026-05-23 03:44:24
1266,1054,1,2026-05-23 21:58:00
1266,1053,1,2026-05-23 21:58:00
1267,1010,1,2026-05-23 13:04:51
1268,1004,1,2026-05-24 17:21:53
1269,1034,1,2026-05-24 22:38:38
1270,1048,1,2026-05-24 14:47:02
1270,1047,1,2026-05-24 14:47:02
1271,1054,2,2026-05-24 21:03:33
1272,1019,1,2026-05-24 20:16:57
1273,1011,1,2026-05-24 11:33:53
1273,1015,2,2026-05-24 11:33:53
1274,1011,1,2026-05-24 10:02:13
1275,1050,1,2026-05-24 19:01:38
1276,1034,1,2026-05-24 14:38:45
1276,1035,1,2026-05-24 14:38:45
1276,1033,1,2026-05-24 14:38:45
1277,1028,1,2026-05-24 19:48:54
1277,1027,1,2026-05-24 19:48:54
1278,1052,1,2026-05-24 22:12:11
1279,1026,1,2026-05-24 10:40:07
1280,1012,2,2026-05-24 18:23:41
1280,1011,2,2026-05-24 18:23:41
1280,1015,3,2026-05-24 18:23:41
1281,1031,1,2026-05-24 23:57:44
1282,1033,1,2026-05-24 14:48:22
1283,1001,2,2026-05-24 14:26:40
1283,1004,1,2026-05-24 14:26:40
1284,1031,1,2026-05-24 10:12:51
1285,1047,1,2026-05-24 21:54:01
1286,1051,1,2026-05-24 15:25:58
1287,1033,1,2026-05-24 16:04:05
1287,1031,1,2026-05-24 16:04:05
1288,1033,1,2026-05-24 19:05:18
1289,1019,1,2026-05-24 20:14:40
1290,1054,1,2026-05-24 10:45:28
1290,1052,1,2026-05-24 10:45:28
1291,1034,2,2026-05-24 20:31:46
1292,1044,2,2026-05-24 19:38:04
1293,1007,3,2026-05-24 08:12:12
1294,1056,1,2026-05-24 15:13:54
1294,1060,1,2026-05-24 15:13:54
1294,1058,1,2026-05-24 15:13:54
1295,1012,2,2026-05-24 19:18:19
1296,1014,1,2026-05-24 12:13:43
1297,1006,2,2026-05-25 20:42:32
1298,1032,1,2026-05-25 16:52:37
1299,1040,1,2026-05-25 10:34:21
1300,1035,1,2026-05-25 20:55:52
1300,1032,3,2026-05-25 20:55:52
1301,1056,1,2026-05-25 15:43:59
1302,1046,2,2026-05-25 21:33:49
1302,1048,1,2026-05-25 21:33:49
1303,1016,1,2026-05-25 19:00:49
1303,1018,1,2026-05-25 19:00:49
1303,1017,1,2026-05-25 19:00:49
1304,1019,2,2026-05-25 08:36:08
1305,1015,1,2026-05-25 18:49:43
1306,1053,2,2026-05-25 04:10:08
1307,1035,3,2026-05-25 20:42:53
1307,1033,1,2026-05-25 20:42:53
1307,1034,1,2026-05-25 20:42:53
1308,1033,1,2026-05-25 20:32:35
1308,1035,1,2026-05-25 20:32:35
1309,1032,1,2026-05-25 20:02:44
1310,1041,1,2026-05-25 14:12:34
1310,1044,2,2026-05-25 14:12:34
1311,1034,1,2026-05-25 19:42:29
1312,1037,1,2026-05-25 21:32:31
1313,1035,1,2026-05-25 23:02:50
1314,1001,1,2026-05-25 18:15:23
1315,1035,1,2026-05-25 23:24:46
1315,1031,1,2026-05-25 23:24:46
1316,1047,1,2026-05-25 14:08:22
1317,1047,1,2026-05-25 19:47:36
1317,1050,2,2026-05-25 19:47:36
1318,1003,1,2026-05-25 13:10:16
1318,1002,1,2026-05-25 13:10:16
1319,1009,3,2026-05-25 11:21:24
1320,1019,1,2026-05-25 09:45:25
1321,1018,2,2026-05-25 17:01:39
1322,1030,2,2026-05-25 09:30:38
1323,1017,1,2026-05-25 15:20:52
1324,1059,1,2026-05-25 14:46:54
1325,1020,1,2026-05-25 20:02:49
1326,1039,1,2026-05-26 16:03:38
1327,1046,3,2026-05-26 13:51:58
1328,1028,2,2026-05-26 16:50:48
1329,1055,1,2026-05-26 18:23:50
1329,1053,1,2026-05-26 18:23:50
1330,1036,2,2026-05-26 09:05:51
1330,1037,1,2026-05-26 09:05:51
1330,1040,2,2026-05-26 09:05:51
1331,1009,1,2026-05-26 13:20:04
1332,1032,3,2026-05-26 18:24:37
1332,1034,1,2026-05-26 18:24:37
1333,1029,1,2026-05-26 15:40:50
1333,1027,1,2026-05-26 15:40:50
1333,1028,1,2026-05-26 15:40:50
1334,1057,2,2026-05-26 21:18:13
1335,1031,1,2026-05-26 21:41:00
1335,1034,2,2026-05-26 21:41:00
1336,1036,1,2026-05-26 12:10:13
1337,1028,1,2026-05-26 17:05:42
1337,1029,1,2026-05-26 17:05:42
1338,1021,1,2026-05-26 18:30:08
1338,1023,1,2026-05-26 18:30:08
1339,1051,1,2026-05-26 19:29:24
1340,1027,1,2026-05-26 19:07:41
1341,1031,1,2026-05-26 11:36:41
1342,1005,1,2026-05-26 13:54:37
1343,1024,1,2026-05-26 13:19:17
1344,1013,1,2026-05-26 10:25:18
1345,1006,1,2026-05-26 15:11:36
1346,1034,1,2026-05-26 16:33:58
1347,1031,2,2026-05-26 18:35:58
1348,1036,1,2026-05-26 10:23:25
1348,1037,2,2026-05-26 10:23:25
1349,1040,1,2026-05-26 19:44:47
1349,1038,1,2026-05-26 19:44:47
1350,1005,1,2026-05-26 12:24:41
1351,1051,1,2026-05-26 21:10:13
1352,1040,2,2026-05-26 16:41:55
1353,1031,1,2026-05-27 08:43:37
1354,1001,1,2026-05-27 16:42:08
1355,1030,2,2026-05-27 20:33:48
1356,1041,1,2026-05-27 17:09:48
1357,1055,3,2026-05-27 14:33:08
1357,1053,1,2026-05-27 14:33:08
1358,1005,2,2026-05-27 20:47:41
1358,1003,1,2026-05-27 20:47:41
1358,1001,2,2026-05-27 20:47:41
1359,1018,1,2026-05-27 22:07:09
1360,1011,2,2026-05-27 13:59:08
1361,1005,1,2026-05-27 10:30:59
1362,1023,1,2026-05-27 15:37:01
1363,1006,1,2026-05-27 13:16:55
1363,1007,2,2026-05-27 13:16:55
1364,1019,1,2026-05-27 13:57:50
1365,1009,2,2026-05-27 14:27:53
1366,1049,1,2026-05-27 09:13:01
1366,1047,1,2026-05-27 09:13:01
1367,1001,2,2026-05-27 16:27:33
1368,1053,1,2026-05-27 09:37:01
1369,1002,1,2026-05-27 16:26:28
1370,1057,2,2026-05-27 21:23:33
1371,1032,1,2026-05-27 15:45:27
1372,1052,1,2026-05-27 21:53:27
1373,1046,3,2026-05-27 12:08:44
1374,1026,1,2026-05-27 15:31:42
1374,1030,1,2026-05-27 15:31:42
1374,1028,1,2026-05-27 15:31:42
1375,1038,1,2026-05-27 20:36:48
1375,1036,1,2026-05-27 20:36:48
1376,1035,1,2026-05-27 20:02:16
1377,1044,1,2026-05-27 16:58:25
1378,1010,1,2026-05-27 15:28:43
1379,1049,1,2026-05-27 18:15:14
1379,1047,1,2026-05-27 18:15:14
1380,1056,1,2026-05-28 18:58:07
1381,1056,1,2026-05-28 10:27:54
1381,1057,1,2026-05-28 10:27:54
1382,1021,1,2026-05-28 21:06:05
1382,1023,2,2026-05-28 21:06:05
1383,1040,1,2026-05-28 08:23:43
1384,1054,3,2026-05-28 18:57:09
1385,1051,3,2026-05-28 16:37:18
1386,1008,1,2026-05-28 12:34:08
1387,1020,2,2026-05-28 18:28:32
1387,1017,1,2026-05-28 18:28:32
1387,1016,1,2026-05-28 18:28:32
1388,1010,1,2026-05-28 19:53:53
1389,1054,1,2026-05-28 20:42:05
1390,1034,1,2026-05-28 10:42:27
1391,1004,2,2026-05-28 08:37:27
1392,1047,1,2026-05-28 16:43:57
1393,1033,2,2026-05-28 12:02:56
1394,1032,1,2026-05-28 08:00:09
1395,1022,1,2026-05-28 20:52:40
1396,1022,2,2026-05-28 20:17:34
1396,1021,1,2026-05-28 20:17:34
1397,1032,1,2026-05-28 08:53:07
1397,1033,3,2026-05-28 08:53:07
1398,1037,1,2026-05-28 23:55:13
1399,1003,2,2026-05-28 13:53:44
1400,1017,1,2026-05-28 09:06:27
1401,1040,2,2026-05-28 08:33:08
1402,1005,1,2026-05-28 17:58:46
1403,1060,1,2026-05-28 21:40:24
1404,1038,2,2026-05-28 12:37:25
1405,1007,1,2026-05-28 07:07:39
1406,1051,1,2026-05-28 23:15:44
1406,1053,1,2026-05-28 23:15:44
1407,1035,1,2026-05-29 19:06:32
1408,1033,1,2026-05-29 06:41:41
1408,1035,1,2026-05-29 06:41:41
1409,1008,1,2026-05-29 13:27:16
1409,1010,1,2026-05-29 13:27:16
1410,1028,2,2026-05-29 17:01:36
1410,1027,2,2026-05-29 17:01:36
1410,1026,1,2026-05-29 17:01:36
1411,1031,1,2026-05-29 09:40:21
1412,1009,1,2026-05-29 10:11:07
1413,1006,1,2026-05-29 19:19:25
1414,1060,1,2026-05-29 20:40:24
1415,1032,2,2026-05-29 23:30:45
1416,1014,1,2026-05-29 23:26:50
1417,1014,1,2026-05-29 10:13:33
1417,1013,1,2026-05-29 10:13:33
1418,1027,1,2026-05-29 21:34:03
1419,1056,1,2026-05-29 12:51:48
1420,1009,2,2026-05-29 08:08:12
1420,1008,1,2026-05-29 08:08:12
1421,1049,2,2026-05-29 19:39:46
1422,1021,2,2026-05-29 21:35:34
1423,1035,3,2026-05-29 07:21:45
1424,1007,2,2026-05-29 19:32:53
1424,1008,2,2026-05-29 19:32:53
1425,1018,1,2026-05-29 21:53:27
1426,1050,2,2026-05-29 12:27:03
1427,1036,1,2026-05-29 18:13:28
1428,1012,1,2026-05-29 20:42:20
1429,1040,3,2026-05-29 19:55:34
1429,1039,1,2026-05-29 19:55:34
1430,1003,1,2026-05-29 21:44:38
1430,1004,2,2026-05-29 21:44:38
1430,1005,1,2026-05-29 21:44:38
1431,1005,1,2026-05-30 14:02:51
1431,1004,1,2026-05-30 14:02:51
1432,1032,3,2026-05-30 22:41:42
1433,1002,1,2026-05-30 17:32:59
1434,1055,1,2026-05-30 15:07:02
1435,1008,1,2026-05-30 19:45:24
1436,1034,1,2026-05-30 19:05:37
1437,1010,1,2026-05-30 21:41:08
1438,1044,2,2026-05-30 06:12:46
1439,1021,1,2026-05-30 15:57:42
1440,1037,1,2026-05-30 13:55:05
1440,1038,1,2026-05-30 13:55:05
1441,1035,1,2026-05-30 14:12:18
1442,1034,1,2026-05-30 18:07:30
1442,1031,1,2026-05-30 18:07:30
1443,1031,1,2026-05-30 13:54:04
1443,1032,1,2026-05-30 13:54:04
1443,1035,1,2026-05-30 13:54:04
1444,1032,1,2026-05-30 15:40:33
1444,1034,3,2026-05-30 15:40:33
1445,1016,2,2026-05-30 20:57:36
1446,1045,1,2026-05-30 12:38:11
1447,1028,1,2026-05-30 13:37:04
1447,1030,1,2026-05-30 13:37:04
1448,1049,2,2026-05-30 19:23:31
1449,1016,1,2026-05-30 11:45:57
1450,1019,1,2026-05-30 21:56:50
1451,1011,1,2026-05-30 17:10:44
1452,1001,1,2026-05-30 19:03:05
1453,1001,2,2026-05-30 20:52:42
1454,1031,1,2026-05-30 15:51:27
1454,1034,1,2026-05-30 15:51:27
1455,1018,2,2026-05-30 21:36:50
1455,1017,1,2026-05-30 21:36:50
1456,1013,1,2026-05-30 14:35:36
1456,1012,1,2026-05-30 14:35:36
1457,1060,3,2026-05-30 14:46:05
1457,1057,1,2026-05-30 14:46:05
1458,1014,2,2026-05-30 17:39:25
1459,1054,1,2026-05-30 14:03:25
1459,1051,1,2026-05-30 14:03:25
1459,1053,1,2026-05-30 14:03:25
1460,1032,1,2026-05-30 21:59:34
1461,1005,1,2026-05-30 15:17:45
1462,1003,1,2026-05-30 21:20:06
1462,1001,1,2026-05-30 21:20:06
1463,1041,1,2026-05-30 22:06:29
1463,1045,1,2026-05-30 22:06:29
1463,1044,3,2026-05-30 22:06:29
1464,1022,2,2026-05-31 11:40:01
1464,1023,2,2026-05-31 11:40:01
1465,1004,2,2026-05-31 19:00:57
1466,1001,1,2026-05-31 17:55:03
1466,1005,1,2026-05-31 17:55:03
1467,1060,1,2026-05-31 11:56:22
1467,1058,2,2026-05-31 11:56:22
1468,1038,1,2026-05-31 17:59:22
1469,1005,1,2026-05-31 20:04:03
1470,1033,1,2026-05-31 21:27:02
1470,1031,1,2026-05-31 21:27:02
1471,1052,3,2026-05-31 22:41:21
1472,1031,1,2026-05-31 06:26:31
1473,1012,1,2026-05-31 12:30:32
1473,1015,1,2026-05-31 12:30:32
1474,1022,1,2026-05-31 21:01:00
1475,1002,1,2026-05-31 21:11:18
1476,1008,2,2026-05-31 22:44:49
1476,1010,1,2026-05-31 22:44:49
1477,1051,1,2026-05-31 18:41:57
1477,1053,1,2026-05-31 18:41:57
1478,1011,1,2026-05-31 21:32:16
1479,1060,1,2026-05-31 15:48:56
1480,1043,1,2026-05-31 11:10:37
1480,1042,1,2026-05-31 11:10:37
1481,1047,1,2026-05-31 19:56:11
1481,1049,1,2026-05-31 19:56:11
1482,1034,1,2026-05-31 10:45:48
1483,1040,1,2026-05-31 17:58:31
1483,1036,2,2026-05-31 17:58:31
1484,1033,1,2026-05-31 17:21:35
1484,1034,1,2026-05-31 17:21:35
1485,1038,1,2026-05-31 14:33:02
1485,1037,2,2026-05-31 14:33:02
1486,1035,1,2026-05-31 11:35:24
1487,1010,1,2026-05-31 10:48:30
1488,1035,1,2026-05-31 12:31:17
1488,1031,3,2026-05-31 12:31:17
1489,1001,1,2026-05-31 18:12:44
1490,1007,1,2026-05-31 12:45:44
1490,1009,2,2026-05-31 12:45:44
1491,1006,1,2026-05-31 07:16:25
1491,1008,1,2026-05-31 07:16:25
1492,1055,1,2026-05-31 15:22:25
1493,1021,1,2026-06-01 10:38:05
1493,1024,2,2026-06-01 10:38:05
1494,1032,1,2026-06-01 17:17:04
1495,1004,1,2026-06-01 22:26:31
1496,1046,1,2026-06-01 10:36:32
1497,1011,1,2026-06-01 18:12:45
1498,1006,1,2026-06-01 15:08:54
1499,1008,1,2026-06-01 11:26:42
1499,1010,1,2026-06-01 11:26:42
1500,1035,3,2026-06-01 16:56:02
1501,1031,1,2026-06-01 18:26:09
1501,1034,1,2026-06-01 18:26:09
1502,1012,3,2026-06-01 19:23:34
1503,1019,2,2026-06-01 14:46:17
1504,1023,3,2026-06-01 16:50:29
1504,1025,1,2026-06-01 16:50:29
1505,1018,1,2026-06-01 08:13:57
1506,1023,1,2026-06-01 20:11:48
1507,1059,1,2026-06-01 13:45:37
1508,1032,3,2026-06-01 23:16:41
1509,1014,1,2026-06-01 20:56:19
1509,1015,2,2026-06-01 20:56:19
1510,1004,2,2026-06-01 10:59:07
1510,1001,1,2026-06-01 10:59:07
1511,1031,1,2026-06-01 12:54:43
1511,1035,1,2026-06-01 12:54:43
1512,1008,1,2026-06-01 21:29:28
1513,1053,1,2026-06-01 20:52:28
1514,1027,1,2026-06-01 06:58:09
1514,1026,1,2026-06-01 06:58:09
1515,1016,1,2026-06-01 09:01:38
1515,1017,1,2026-06-01 09:01:38
1515,1019,1,2026-06-01 09:01:38
1516,1022,1,2026-06-01 06:07:12
1517,1017,1,2026-06-01 09:23:39
1517,1020,1,2026-06-01 09:23:39
1517,1016,2,2026-06-01 09:23:39
1518,1019,1,2026-06-01 20:14:50
1519,1001,1,2026-06-01 16:05:58
1519,1002,2,2026-06-01 16:05:58
1519,1004,1,2026-06-01 16:05:58
1520,1004,1,2026-06-02 11:02:06
1521,1057,3,2026-06-02 23:14:57
1521,1056,1,2026-06-02 23:14:57
1522,1014,1,2026-06-02 15:45:48
1522,1015,1,2026-06-02 15:45:48
1523,1015,3,2026-06-02 09:38:18
1524,1057,1,2026-06-02 10:52:42
1524,1060,1,2026-06-02 10:52:42
1525,1051,1,2026-06-02 21:15:04
1526,1002,2,2026-06-02 12:52:15
1526,1003,1,2026-06-02 12:52:15
1527,1033,1,2026-06-02 17:46:30
1528,1001,1,2026-06-02 13:16:36
1529,1032,1,2026-06-02 17:42:05
1530,1027,1,2026-06-02 13:11:03
1531,1034,1,2026-06-02 10:04:12
1531,1035,1,2026-06-02 10:04:12
1532,1014,2,2026-06-02 17:33:30
1533,1034,1,2026-06-02 19:33:34
1533,1033,1,2026-06-02 19:33:34
1534,1060,1,2026-06-02 13:12:01
1534,1058,1,2026-06-02 13:12:01
1535,1016,1,2026-06-02 19:51:58
1536,1019,2,2026-06-02 15:28:59
1536,1017,1,2026-06-02 15:28:59
1536,1020,3,2026-06-02 15:28:59
1537,1056,2,2026-06-02 17:39:11
1538,1013,1,2026-06-02 10:44:24
1539,1032,1,2026-06-02 13:07:10
1540,1054,1,2026-06-02 13:25:22
1541,1018,2,2026-06-02 12:57:59
1542,1055,1,2026-06-02 18:25:36
1543,1018,2,2026-06-02 12:37:28
1544,1040,1,2026-06-03 09:46:30
1545,1052,1,2026-06-03 21:37:54
1546,1034,1,2026-06-03 13:57:54
1547,1003,1,2026-06-03 10:49:08
1548,1002,1,2026-06-03 21:55:22
1548,1004,1,2026-06-03 21:55:22
1549,1013,1,2026-06-03 08:36:39
1550,1007,1,2026-06-03 21:18:56
1550,1010,1,2026-06-03 21:18:56
1551,1050,2,2026-06-03 16:44:43
1552,1004,2,2026-06-03 10:51:41
1552,1005,1,2026-06-03 10:51:41
1553,1034,1,2026-06-03 10:52:35
1554,1009,1,2026-06-03 18:14:00
1555,1021,1,2026-06-03 19:42:57
1556,1002,1,2026-06-03 12:23:13
1556,1005,2,2026-06-03 12:23:13
1556,1003,2,2026-06-03 12:23:13
1557,1056,1,2026-06-03 18:47:51
1557,1059,3,2026-06-03 18:47:51
1558,1004,1,2026-06-03 12:56:23
1558,1003,1,2026-06-03 12:56:23
1559,1033,1,2026-06-03 21:30:41
1560,1053,1,2026-06-03 18:55:11
1561,1048,1,2026-06-03 10:38:02
1562,1037,1,2026-06-03 19:58:32
1563,1006,3,2026-06-03 18:04:50
1564,1054,1,2026-06-03 18:42:58
1564,1051,1,2026-06-03 18:42:58
1564,1052,1,2026-06-03 18:42:58
1565,1009,1,2026-06-03 09:06:11
1565,1008,1,2026-06-03 09:06:11
1565,1006,1,2026-06-03 09:06:11
1566,1045,2,2026-06-03 22:58:12
1567,1016,2,2026-06-03 16:37:59
1568,1034,1,2026-06-04 19:31:16
1568,1035,1,2026-06-04 19:31:16
1568,1033,2,2026-06-04 19:31:16
1569,1052,1,2026-06-04 12:11:28
1570,1040,1,2026-06-04 06:23:36
1571,1034,2,2026-06-04 12:15:29
1571,1032,1,2026-06-04 12:15:29
1572,1020,1,2026-06-04 07:24:04
1573,1001,1,2026-06-04 09:13:46
1573,1005,1,2026-06-04 09:13:46
1574,1032,1,2026-06-04 21:04:52
1575,1031,1,2026-06-04 08:47:18
1575,1033,1,2026-06-04 08:47:18
1575,1034,1,2026-06-04 08:47:18
1576,1043,1,2026-06-04 12:00:06
1577,1006,2,2026-06-04 13:19:48
1577,1010,1,2026-06-04 13:19:48
1578,1033,1,2026-06-04 22:28:40
1579,1021,1,2026-06-04 18:18:55
1580,1034,1,2026-06-04 12:11:07
1580,1032,1,2026-06-04 12:11:07
1581,1031,1,2026-06-04 22:58:56
1581,1035,1,2026-06-04 22:58:56
1582,1034,1,2026-06-04 19:07:47
1583,1008,1,2026-06-04 13:34:25
1584,1050,2,2026-06-04 19:59:26
1585,1060,1,2026-06-04 12:54:35
1586,1049,1,2026-06-04 18:34:58
1586,1047,1,2026-06-04 18:34:58
1587,1032,2,2026-06-04 19:09:06
1587,1033,1,2026-06-04 19:09:06
1588,1036,3,2026-06-04 08:30:20
1588,1039,1,2026-06-04 08:30:20
1589,1044,3,2026-06-04 19:17:15
1589,1045,1,2026-06-04 19:17:15
1590,1032,1,2026-06-04 09:37:26
1591,1022,1,2026-06-04 14:44:52
1592,1029,2,2026-06-05 11:17:42
1592,1028,1,2026-06-05 11:17:42
1593,1045,3,2026-06-05 12:30:09
1594,1048,1,2026-06-05 17:43:39
1595,1017,1,2026-06-05 18:32:54
1596,1031,1,2026-06-05 13:25:46
1596,1034,1,2026-06-05 13:25:46
1597,1021,1,2026-06-05 21:02:10
1597,1024,1,2026-06-05 21:02:10
1597,1022,1,2026-06-05 21:02:10
1598,1017,1,2026-06-05 12:53:16
1599,1048,1,2026-06-05 17:55:42
1600,1011,1,2026-06-05 18:47:30
1600,1013,2,2026-06-05 18:47:30
1601,1052,1,2026-06-05 14:37:56
1602,1014,3,2026-06-05 14:06:35
1603,1034,2,2026-06-05 23:27:28
1604,1021,1,2026-06-05 09:30:10
1604,1025,2,2026-06-05 09:30:10
1605,1019,2,2026-06-05 14:17:42
1606,1017,1,2026-06-05 15:30:08
1607,1013,2,2026-06-05 18:21:15
1607,1014,1,2026-06-05 18:21:15
1608,1034,2,2026-06-05 21:52:14
1609,1005,1,2026-06-05 13:22:13
1609,1001,1,2026-06-05 13:22:13
1610,1025,1,2026-06-05 22:31:10
1611,1035,1,2026-06-05 13:43:20
1612,1005,1,2026-06-05 18:28:04
1612,1001,1,2026-06-05 18:28:04
1612,1002,1,2026-06-05 18:28:04
1613,1028,1,2026-06-05 09:50:54
1614,1053,1,2026-06-05 11:18:54
1615,1011,1,2026-06-05 11:07:33
1616,1044,1,2026-06-06 21:04:22
1617,1054,1,2026-06-06 13:42:13
1617,1051,1,2026-06-06 13:42:13
1618,1023,2,2026-06-06 22:37:51
1618,1022,1,2026-06-06 22:37:51
1618,1021,1,2026-06-06 22:37:51
1619,1016,1,2026-06-06 07:38:35
1620,1020,2,2026-06-06 21:10:41
1621,1055,1,2026-06-06 21:52:49
1622,1004,2,2026-06-06 20:53:37
1623,1047,1,2026-06-06 18:57:42
1623,1048,1,2026-06-06 18:57:42
1624,1005,1,2026-06-06 15:05:29
1625,1042,1,2026-06-06 22:51:06
1625,1044,2,2026-06-06 22:51:06
1626,1006,1,2026-06-06 23:06:05
1627,1045,3,2026-06-06 15:34:07
1628,1031,2,2026-06-06 08:58:21
1628,1032,1,2026-06-06 08:58:21
1629,1022,1,2026-06-06 13:35:55
1630,1041,2,2026-06-06 18:42:20
1631,1019,1,2026-06-06 03:53:42
1632,1005,1,2026-06-06 18:50:37
1633,1019,1,2026-06-06 13:41:55
1634,1014,1,2026-06-06 08:08:19
1635,1037,1,2026-06-06 11:22:32
1636,1032,1,2026-06-06 22:05:23
1637,1021,2,2026-06-06 09:18:15
1637,1022,2,2026-06-06 09:18:15
1638,1034,1,2026-06-06 15:54:10
1639,1004,2,2026-06-06 14:02:57
1639,1003,1,2026-06-06 14:02:57
1639,1005,2,2026-06-06 14:02:57
1640,1056,1,2026-06-06 14:16:02
1640,1057,1,2026-06-06 14:16:02
1640,1058,1,2026-06-06 14:16:02
1641,1032,2,2026-06-06 15:33:48
1642,1025,1,2026-06-06 20:26:31
1642,1021,1,2026-06-06 20:26:31
1643,1028,2,2026-06-06 12:39:32
1644,1009,2,2026-06-06 09:17:56
1644,1006,2,2026-06-06 09:17:56
1645,1047,1,2026-06-06 12:46:49
1646,1033,3,2026-06-06 08:31:13
1647,1053,2,2026-06-06 02:00:39
1647,1052,2,2026-06-06 02:00:39
1647,1055,3,2026-06-06 02:00:39
1648,1004,1,2026-06-06 12:05:39
1648,1005,1,2026-06-06 12:05:39
1649,1046,1,2026-06-06 13:49:15
1649,1049,1,2026-06-06 13:49:15
1650,1035,1,2026-06-06 10:48:17
1651,1052,1,2026-06-06 20:16:55
1652,1005,1,2026-06-06 19:11:26
1653,1001,1,2026-06-06 15:41:10
1653,1005,2,2026-06-06 15:41:10
1653,1003,1,2026-06-06 15:41:10
1654,1056,1,2026-06-07 18:12:26
1655,1015,3,2026-06-07 06:06:31
1656,1041,1,2026-06-07 20:36:02
1657,1013,2,2026-06-07 09:51:52
1657,1014,3,2026-06-07 09:51:52
1658,1012,1,2026-06-07 23:09:52
1659,1004,2,2026-06-07 21:42:46
1660,1033,1,2026-06-07 14:01:13
1661,1038,1,2026-06-07 10:22:52
1662,1023,1,2026-06-07 20:34:56
1662,1024,1,2026-06-07 20:34:56
1663,1006,2,2026-06-07 23:43:26
1664,1035,3,2026-06-07 13:16:01
1665,1031,1,2026-06-07 18:31:18
1666,1008,3,2026-06-07 14:46:40
1667,1016,1,2026-06-07 22:26:20
1668,1051,1,2026-06-07 20:31:43
1669,1011,1,2026-06-07 20:25:29
1670,1011,1,2026-06-07 20:05:07
1671,1042,1,2026-06-07 09:36:48
1672,1035,1,2026-06-07 15:53:37
1672,1034,1,2026-06-07 15:53:37
1672,1033,1,2026-06-07 15:53:37
1673,1060,1,2026-06-07 12:53:05
1673,1059,1,2026-06-07 12:53:05
1674,1011,1,2026-06-07 21:46:53
1675,1058,2,2026-06-07 22:19:09
1676,1011,1,2026-06-07 13:20:48
1677,1001,2,2026-06-07 10:03:06
1678,1007,1,2026-06-07 21:44:32
1679,1056,1,2026-06-07 12:00:09
1680,1053,1,2026-06-07 16:44:20
1681,1019,2,2026-06-07 22:35:44
1682,1034,1,2026-06-07 18:20:22
1683,1052,1,2026-06-07 08:05:46
1683,1055,2,2026-06-07 08:05:46
1683,1053,1,2026-06-07 08:05:46
1684,1038,1,2026-06-07 22:49:57
1684,1040,3,2026-06-07 22:49:57
1684,1037,1,2026-06-07 22:49:57
1685,1042,1,2026-06-07 02:31:46
1685,1043,1,2026-06-07 02:31:46
1686,1025,1,2026-06-07 20:42:11
1686,1024,1,2026-06-07 20:42:11
1686,1022,1,2026-06-07 20:42:11
1687,1020,2,2026-06-07 22:54:08
1688,1055,1,2026-06-07 21:28:32
1689,1031,1,2026-06-07 19:37:03
1690,1058,2,2026-06-08 16:30:19
1691,1055,3,2026-06-08 07:46:26
1691,1052,1,2026-06-08 07:46:26
1692,1016,2,2026-06-08 22:42:44
1693,1020,2,2026-06-08 21:27:14
1694,1005,2,2026-06-08 16:11:46
1695,1001,1,2026-06-08 14:55:49
1695,1005,1,2026-06-08 14:55:49
1696,1002,1,2026-06-08 11:47:17
1696,1001,1,2026-06-08 11:47:17
1697,1007,1,2026-06-08 14:03:12
1697,1006,2,2026-06-08 14:03:12
1697,1008,1,2026-06-08 14:03:12
1698,1003,2,2026-06-08 08:51:17
1699,1034,2,2026-06-08 12:48:44
1700,1032,2,2026-06-08 20:06:56
1701,1040,1,2026-06-08 19:48:03
1702,1051,3,2026-06-08 16:33:21
1702,1055,1,2026-06-08 16:33:21
1702,1054,1,2026-06-08 16:33:21
1703,1039,1,2026-06-08 16:48:03
1704,1034,1,2026-06-08 18:48:37
1705,1035,2,2026-06-08 02:51:18
1705,1033,1,2026-06-08 02:51:18
1706,1032,1,2026-06-08 04:41:16
1707,1029,1,2026-06-08 14:22:54
1708,1035,2,2026-06-08 19:04:27
1709,1001,2,2026-06-08 19:56:09
1710,1027,1,2026-06-08 10:04:00
1711,1052,1,2026-06-08 19:49:16
1712,1008,1,2026-06-08 17:14:36
1713,1004,1,2026-06-08 21:02:09
1713,1005,2,2026-06-08 21:02:09
1713,1003,1,2026-06-08 21:02:09
1714,1009,1,2026-06-08 00:01:52
1714,1010,3,2026-06-08 00:01:52
1715,1054,1,2026-06-08 20:50:27
1716,1015,1,2026-06-08 13:06:08
1717,1003,1,2026-06-08 10:46:24
1718,1028,1,2026-06-08 20:27:49
1719,1027,1,2026-06-09 23:48:14
1719,1026,1,2026-06-09 23:48:14
1720,1008,2,2026-06-09 19:24:03
1721,1004,1,2026-06-09 14:16:08
1721,1002,3,2026-06-09 14:16:08
1722,1039,1,2026-06-09 11:21:13
1722,1040,1,2026-06-09 11:21:13
1722,1037,1,2026-06-09 11:21:13
1723,1031,2,2026-06-09 19:53:30
1724,1038,2,2026-06-09 17:25:37
1725,1040,1,2026-06-09 01:50:01
1725,1037,1,2026-06-09 01:50:01
1725,1039,1,2026-06-09 01:50:01
1726,1043,1,2026-06-09 21:27:16
1727,1005,1,2026-06-09 08:45:55
1727,1003,1,2026-06-09 08:45:55
1728,1003,1,2026-06-09 16:06:48
1729,1023,1,2026-06-09 09:31:06
1730,1032,1,2026-06-09 09:17:53
1731,1060,3,2026-06-09 21:47:26
1731,1056,2,2026-06-09 21:47:26
1731,1059,1,2026-06-09 21:47:26
1732,1053,1,2026-06-09 14:12:28
1733,1023,2,2026-06-09 18:13:11
1734,1014,2,2026-06-09 21:00:34
1735,1012,3,2026-06-09 18:47:38
1736,1032,1,2026-06-09 21:10:57
1736,1033,1,2026-06-09 21:10:57
1737,1024,1,2026-06-09 15:08:53
1738,1020,1,2026-06-09 21:35:41
1738,1019,1,2026-06-09 21:35:41
1738,1017,1,2026-06-09 21:35:41
1739,1019,3,2026-06-09 16:34:27
1740,1031,1,2026-06-09 21:10:02
1740,1032,1,2026-06-09 21:10:02
1741,1051,1,2026-06-09 13:52:19
1742,1052,1,2026-06-09 06:14:11
1743,1033,1,2026-06-09 21:03:07
1743,1035,1,2026-06-09 21:03:07
1744,1048,1,2026-06-09 21:37:32
1744,1047,2,2026-06-09 21:37:32
1745,1008,1,2026-06-09 23:14:07
1745,1010,1,2026-06-09 23:14:07
1745,1006,1,2026-06-09 23:14:07
1746,1017,1,2026-06-09 11:30:29
1747,1006,1,2026-06-09 23:06:37
1748,1012,1,2026-06-10 16:58:25
1749,1015,1,2026-06-10 09:51:49
1750,1007,1,2026-06-10 21:20:55
1751,1016,1,2026-06-10 09:40:06
1751,1019,1,2026-06-10 09:40:06
1752,1037,1,2026-06-10 15:08:23
1753,1055,1,2026-06-10 09:11:47
1754,1020,3,2026-06-10 18:35:27
1755,1040,1,2026-06-10 16:50:22
1756,1006,1,2026-06-10 15:50:30
1756,1008,1,2026-06-10 15:50:30
1757,1053,1,2026-06-10 13:59:13
1757,1055,1,2026-06-10 13:59:13
1758,1052,1,2026-06-10 18:10:48
1759,1031,2,2026-06-10 21:05:18
1760,1039,1,2026-06-10 14:10:53
1761,1005,1,2026-06-10 19:39:04
1761,1002,2,2026-06-10 19:39:04
1762,1030,1,2026-06-10 10:19:53
1763,1031,1,2026-06-10 07:01:59
1764,1002,1,2026-06-10 19:45:22
1765,1031,3,2026-06-10 03:59:50
1766,1033,1,2026-06-10 15:29:30
1767,1048,1,2026-06-10 20:56:27
1768,1032,1,2026-06-10 23:53:54
1769,1013,1,2026-06-10 21:18:35
1770,1019,1,2026-06-10 12:27:49
1771,1008,1,2026-06-10 07:44:29
1772,1015,2,2026-06-11 09:46:17
1772,1011,1,2026-06-11 09:46:17
1773,1024,1,2026-06-11 17:16:43
1774,1052,2,2026-06-11 13:26:16
1774,1054,1,2026-06-11 13:26:16
1775,1031,2,2026-06-11 22:04:23
1775,1033,2,2026-06-11 22:04:23
1776,1036,1,2026-06-11 10:30:59
1777,1046,1,2026-06-11 07:29:41
1778,1014,1,2026-06-11 21:37:32
1779,1045,1,2026-06-11 20:30:44
1779,1042,1,2026-06-11 20:30:44
1779,1041,2,2026-06-11 20:30:44
1780,1034,1,2026-06-11 19:49:05
1780,1035,1,2026-06-11 19:49:05
1781,1054,3,2026-06-11 19:44:39
1782,1005,2,2026-06-11 21:44:29
1782,1004,2,2026-06-11 21:44:29
1783,1021,2,2026-06-11 19:28:01
1784,1035,2,2026-06-11 18:49:53
1785,1037,1,2026-06-11 09:09:26
1785,1040,1,2026-06-11 09:09:26
1785,1039,2,2026-06-11 09:09:26
1786,1007,1,2026-06-11 21:39:16
1787,1057,3,2026-06-11 17:42:15
1788,1010,1,2026-06-11 06:24:38
1789,1046,1,2026-06-11 12:50:15
1789,1049,1,2026-06-11 12:50:15
1790,1022,1,2026-06-11 22:24:40
1790,1021,1,2026-06-11 22:24:40
1791,1003,2,2026-06-11 20:58:03
1791,1002,1,2026-06-11 20:58:03
1792,1010,1,2026-06-11 07:56:03
1793,1007,1,2026-06-11 22:04:29
1794,1010,3,2026-06-11 19:01:29
1795,1020,1,2026-06-11 19:29:40
1796,1052,1,2026-06-11 09:38:56
1796,1054,1,2026-06-11 09:38:56
1797,1032,3,2026-06-11 10:01:15
1798,1059,1,2026-06-11 11:16:21
1798,1056,1,2026-06-11 11:16:21
1799,1018,1,2026-06-11 19:42:09
1799,1017,1,2026-06-11 19:42:09
1800,1034,1,2026-06-11 22:03:15
1800,1031,2,2026-06-11 22:03:15
1801,1033,2,2026-06-11 16:05:44
1802,1032,2,2026-06-11 09:55:45
1802,1033,1,2026-06-11 09:55:45
1802,1035,1,2026-06-11 09:55:45
1803,1057,2,2026-06-12 13:52:31
1803,1060,3,2026-06-12 13:52:31
1804,1023,1,2026-06-12 22:36:37
1805,1050,2,2026-06-12 21:38:42
1806,1039,1,2026-06-12 11:48:35
1806,1040,1,2026-06-12 11:48:35
1807,1005,2,2026-06-12 21:52:15
1808,1001,1,2026-06-12 08:08:25
1809,1013,1,2026-06-12 13:41:42
1810,1033,1,2026-06-12 12:01:13
1811,1033,2,2026-06-12 16:02:37
1812,1007,1,2026-06-12 19:03:33
1813,1035,1,2026-06-12 15:51:06
1814,1031,1,2026-06-12 22:52:49
1814,1033,2,2026-06-12 22:52:49
1814,1032,1,2026-06-12 22:52:49
1815,1035,1,2026-06-12 18:00:28
1816,1051,1,2026-06-12 01:15:50
1817,1003,1,2026-06-12 16:41:10
1817,1001,2,2026-06-12 16:41:10
1817,1004,2,2026-06-12 16:41:10
1818,1018,2,2026-06-12 11:02:12
1819,1011,1,2026-06-12 14:08:49
1819,1014,2,2026-06-12 14:08:49
1819,1012,1,2026-06-12 14:08:49
1820,1033,1,2026-06-12 06:58:44
1820,1031,1,2026-06-12 06:58:44
1821,1013,1,2026-06-12 17:22:05
1822,1016,1,2026-06-12 20:32:00
1823,1019,1,2026-06-12 21:28:16
1823,1018,1,2026-06-12 21:28:16
1824,1005,1,2026-06-12 19:52:30
1825,1016,3,2026-06-12 19:20:57
1826,1038,2,2026-06-12 20:49:47
1827,1005,1,2026-06-13 18:44:47
1828,1012,1,2026-06-13 11:13:46
1828,1015,1,2026-06-13 11:13:46
1829,1054,1,2026-06-13 12:01:32
1829,1055,3,2026-06-13 12:01:32
1829,1051,1,2026-06-13 12:01:32
1830,1040,1,2026-06-13 18:02:43
1831,1052,1,2026-06-13 19:56:18
1832,1018,1,2026-06-13 14:06:06
1833,1010,2,2026-06-13 20:43:10
1834,1036,2,2026-06-13 16:17:23
1835,1051,1,2026-06-13 20:58:40
1836,1014,2,2026-06-13 18:21:46
1837,1019,1,2026-06-13 21:11:15
1837,1016,3,2026-06-13 21:11:15
1838,1001,1,2026-06-13 21:33:25
1838,1004,1,2026-06-13 21:33:25
1838,1005,1,2026-06-13 21:33:25
1839,1031,1,2026-06-13 21:37:02
1839,1032,1,2026-06-13 21:37:02
1839,1033,1,2026-06-13 21:37:02
1840,1005,1,2026-06-13 19:11:25
1840,1004,2,2026-06-13 19:11:25
1841,1018,3,2026-06-13 20:31:59
1842,1033,2,2026-06-13 07:18:47
1843,1053,3,2026-06-13 13:13:18
1843,1054,1,2026-06-13 13:13:18
1844,1006,1,2026-06-13 09:26:53
1845,1001,1,2026-06-13 13:23:01
1845,1005,1,2026-06-13 13:23:01
1845,1002,3,2026-06-13 13:23:01
1846,1034,3,2026-06-13 18:19:28
1847,1019,1,2026-06-13 11:43:51
1847,1016,1,2026-06-13 11:43:51
1847,1017,2,2026-06-13 11:43:51
1848,1008,1,2026-06-13 15:24:56
1849,1034,1,2026-06-13 19:29:25
1850,1035,1,2026-06-13 01:41:06
1851,1039,1,2026-06-13 11:52:09
1852,1020,2,2026-06-13 17:55:25
1853,1027,1,2026-06-13 11:10:28
1854,1015,1,2026-06-13 19:02:08
1855,1015,1,2026-06-13 08:39:12
1855,1013,1,2026-06-13 08:39:12
1856,1014,1,2026-06-13 21:21:53
1857,1032,1,2026-06-13 15:44:38
1858,1009,1,2026-06-13 19:09:58
1859,1059,1,2026-06-13 21:32:44
1859,1058,2,2026-06-13 21:32:44
1859,1060,1,2026-06-13 21:32:44
1860,1041,1,2026-06-14 20:40:30
1861,1030,1,2026-06-14 19:55:27
1861,1027,1,2026-06-14 19:55:27
1862,1049,3,2026-06-14 19:22:40
1862,1048,1,2026-06-14 19:22:40
1863,1043,1,2026-06-14 20:43:31
1863,1041,2,2026-06-14 20:43:31
1864,1018,1,2026-06-14 18:39:56
1865,1052,1,2026-06-14 10:26:49
1866,1001,1,2026-06-14 21:51:41
1866,1003,1,2026-06-14 21:51:41
1867,1033,2,2026-06-14 10:12:52
1868,1054,1,2026-06-14 20:33:09
1869,1059,1,2026-06-14 07:42:34
1870,1059,1,2026-06-14 23:38:34
1870,1056,1,2026-06-14 23:38:34
1870,1058,1,2026-06-14 23:38:34
1871,1047,1,2026-06-14 14:07:03
1872,1034,1,2026-06-14 22:21:31
1873,1059,1,2026-06-14 21:22:06
1874,1003,1,2026-06-14 12:03:22
1875,1010,3,2026-06-14 10:54:53
1876,1033,2,2026-06-14 14:02:56
1876,1032,1,2026-06-14 14:02:56
1877,1011,1,2026-06-14 21:47:04
1877,1014,2,2026-06-14 21:47:04
1878,1052,1,2026-06-14 21:58:52
1878,1053,1,2026-06-14 21:58:52
1879,1016,1,2026-06-14 14:44:31
1880,1035,1,2026-06-14 22:36:16
1880,1031,3,2026-06-14 22:36:16
1881,1010,2,2026-06-14 21:38:48
1882,1016,1,2026-06-14 12:27:29
1883,1019,1,2026-06-14 19:53:38
1883,1018,1,2026-06-14 19:53:38
1884,1025,1,2026-06-14 20:10:29
1885,1022,1,2026-06-14 11:00:24
1885,1021,3,2026-06-14 11:00:24
1886,1032,2,2026-06-14 20:05:29
1887,1031,2,2026-06-14 13:19:26
1888,1014,1,2026-06-14 10:46:09
1889,1015,1,2026-06-14 23:56:10
1889,1011,2,2026-06-14 23:56:10
1890,1049,1,2026-06-14 13:17:55
1891,1039,1,2026-06-15 23:37:20
1892,1032,1,2026-06-15 15:13:29
1893,1059,1,2026-06-15 18:23:32
1893,1057,1,2026-06-15 18:23:32
1894,1032,1,2026-06-15 16:26:13
1894,1034,1,2026-06-15 16:26:13
1895,1010,1,2026-06-15 21:34:06
1896,1040,2,2026-06-15 02:25:24
1896,1036,1,2026-06-15 02:25:24
1897,1033,1,2026-06-15 16:09:37
1898,1035,2,2026-06-15 19:54:27
1899,1019,1,2026-06-15 21:12:21
1900,1053,1,2026-06-15 10:51:42
1901,1033,1,2026-06-15 21:20:28
1902,1013,1,2026-06-15 18:56:47
1903,1043,1,2026-06-15 19:44:06
1903,1041,3,2026-06-15 19:44:06
1903,1044,1,2026-06-15 19:44:06
1904,1035,1,2026-06-15 20:49:34
1904,1033,1,2026-06-15 20:49:34
1905,1044,1,2026-06-15 12:19:51
1906,1002,1,2026-06-15 15:19:52
1907,1054,1,2026-06-15 16:42:13
1908,1006,1,2026-06-15 18:45:42
1909,1008,2,2026-06-15 20:45:02
1909,1010,1,2026-06-15 20:45:02
1910,1003,1,2026-06-15 12:11:19
1910,1001,1,2026-06-15 12:11:19
1911,1010,1,2026-06-15 16:16:24
1912,1006,1,2026-06-15 13:10:57
1913,1058,2,2026-06-15 21:18:57
1914,1033,1,2026-06-15 19:03:45
1914,1034,1,2026-06-15 19:03:45
1915,1008,1,2026-06-15 20:01:51
1915,1006,1,2026-06-15 20:01:51
1915,1010,1,2026-06-15 20:01:51
1916,1022,2,2026-06-15 10:20:47
1917,1007,1,2026-06-15 20:53:08
1917,1008,1,2026-06-15 20:53:08
1918,1009,1,2026-06-16 15:04:20
1919,1006,1,2026-06-16 13:56:19
1919,1010,1,2026-06-16 13:56:19
1920,1049,2,2026-06-16 11:36:37
1921,1009,2,2026-06-16 18:10:40
1921,1008,1,2026-06-16 18:10:40
1922,1058,2,2026-06-16 13:46:46
1922,1060,1,2026-06-16 13:46:46
1923,1028,1,2026-06-16 10:34:58
1924,1006,1,2026-06-16 16:37:53
1925,1047,2,2026-06-16 17:29:37
1926,1016,1,2026-06-16 07:33:51
1927,1001,1,2026-06-16 08:13:37
1928,1038,1,2026-06-16 15:02:39
1928,1039,1,2026-06-16 15:02:39
1929,1054,2,2026-06-16 14:35:41
1930,1017,1,2026-06-16 22:46:04
1931,1017,2,2026-06-16 21:01:43
1931,1018,1,2026-06-16 21:01:43
1932,1003,1,2026-06-16 14:30:02
1933,1020,1,2026-06-16 09:55:25
1934,1005,1,2026-06-16 14:08:41
1934,1001,1,2026-06-16 14:08:41
1934,1004,1,2026-06-16 14:08:41
1935,1053,1,2026-06-16 18:21:53
1935,1052,1,2026-06-16 18:21:53
1936,1043,1,2026-06-16 12:47:03
1937,1055,1,2026-06-16 19:40:57
1938,1016,1,2026-06-16 18:53:14
1938,1018,3,2026-06-16 18:53:14
1939,1054,3,2026-06-16 13:21:36
1940,1013,1,2026-06-16 20:23:14
1940,1012,1,2026-06-16 20:23:14
1941,1043,1,2026-06-16 22:25:27
1941,1042,1,2026-06-16 22:25:27
1942,1027,1,2026-06-17 18:49:36
1943,1037,2,2026-06-17 19:55:41
1944,1015,2,2026-06-17 13:13:42
1945,1041,1,2026-06-17 19:39:38
1945,1044,2,2026-06-17 19:39:38
1946,1049,1,2026-06-17 08:25:57
1946,1046,1,2026-06-17 08:25:57
1947,1036,1,2026-06-17 10:03:30
1947,1040,1,2026-06-17 10:03:30
1948,1053,1,2026-06-17 21:01:35
1949,1007,1,2026-06-17 13:17:53
1950,1049,1,2026-06-17 20:13:58
1951,1015,1,2026-06-17 20:40:57
1952,1039,1,2026-06-17 23:07:11
1952,1038,1,2026-06-17 23:07:11
1953,1033,1,2026-06-17 10:50:49
1954,1023,1,2026-06-17 21:26:53
1954,1021,2,2026-06-17 21:26:53
1955,1059,1,2026-06-17 12:46:03
1955,1057,3,2026-06-17 12:46:03
1956,1032,1,2026-06-17 09:00:18
1956,1035,1,2026-06-17 09:00:18
1957,1029,2,2026-06-17 21:02:09
1957,1030,1,2026-06-17 21:02:09
1958,1034,1,2026-06-17 20:04:56
1959,1045,1,2026-06-17 11:32:57
1960,1004,1,2026-06-17 16:59:37
1960,1001,1,2026-06-17 16:59:37
1960,1005,2,2026-06-17 16:59:37
1961,1010,2,2026-06-17 16:13:56
1961,1008,2,2026-06-17 16:13:56
1962,1005,1,2026-06-17 21:42:55
1962,1001,1,2026-06-17 21:42:55
1962,1002,1,2026-06-17 21:42:55
1963,1060,1,2026-06-17 13:58:31
1964,1036,1,2026-06-17 22:02:58
1965,1010,1,2026-06-17 12:58:21
1966,1012,3,2026-06-17 14:26:35
1967,1025,1,2026-06-17 20:59:45
1968,1015,1,2026-06-17 13:24:38
1969,1027,1,2026-06-18 11:23:49
1969,1029,1,2026-06-18 11:23:49
1970,1056,3,2026-06-18 07:18:54
1970,1057,1,2026-06-18 07:18:54
1970,1060,1,2026-06-18 07:18:54
1971,1041,2,2026-06-18 11:02:50
1972,1007,1,2026-06-18 09:08:34
1973,1010,1,2026-06-18 13:50:42
1974,1005,1,2026-06-18 18:19:02
1975,1002,1,2026-06-18 12:56:50
1976,1049,1,2026-06-18 17:08:59
1976,1048,1,2026-06-18 17:08:59
1977,1041,1,2026-06-18 17:02:38
1978,1003,1,2026-06-18 08:57:19
1979,1047,1,2026-06-18 12:35:26
1980,1042,1,2026-06-18 23:35:41
1981,1049,2,2026-06-18 19:06:14
1981,1048,2,2026-06-18 19:06:14
1982,1048,2,2026-06-18 18:00:20
1983,1002,2,2026-06-18 18:44:49
1983,1001,1,2026-06-18 18:44:49
1984,1023,1,2026-06-18 07:21:26
1985,1019,1,2026-06-18 14:09:28
1985,1016,1,2026-06-18 14:09:28
1985,1017,1,2026-06-18 14:09:28
1986,1051,1,2026-06-18 15:53:31
1987,1006,2,2026-06-18 20:57:16
1988,1020,2,2026-06-18 09:34:21
1989,1048,1,2026-06-19 11:09:39
1989,1050,1,2026-06-19 11:09:39
1990,1033,1,2026-06-19 11:56:44
1991,1039,1,2026-06-19 11:07:22
1992,1057,1,2026-06-19 07:34:49
1993,1001,1,2026-06-19 18:05:38
1994,1008,1,2026-06-19 15:24:09
1995,1012,2,2026-06-19 21:14:00
1995,1015,1,2026-06-19 21:14:00
1996,1048,3,2026-06-19 21:28:00
1997,1019,1,2026-06-19 19:21:03
1997,1016,2,2026-06-19 19:21:03
1998,1040,1,2026-06-19 10:15:04
1999,1033,1,2026-06-19 16:34:22
2000,1016,2,2026-06-19 12:32:23
2000,1020,1,2026-06-19 12:32:23
2000,1017,1,2026-06-19 12:32:23
2001,1010,1,2026-06-19 19:04:13
2002,1060,1,2026-06-19 14:13:08
2002,1058,1,2026-06-19 14:13:08
2003,1053,1,2026-06-19 09:17:42
2003,1052,1,2026-06-19 09:17:42
2004,1059,1,2026-06-19 13:22:14
2004,1058,2,2026-06-19 13:22:14
2004,1060,1,2026-06-19 13:22:14
2005,1012,1,2026-06-19 12:28:32
2006,1002,1,2026-06-19 19:53:07
2007,1018,2,2026-06-19 10:36:26
2008,1019,1,2026-06-19 18:14:47
2009,1008,1,2026-06-19 19:57:00
2009,1009,3,2026-06-19 19:57:00
2010,1004,1,2026-06-19 19:46:44
2010,1005,2,2026-06-19 19:46:44
2010,1001,1,2026-06-19 19:46:44
2011,1010,1,2026-06-20 12:39:33
2012,1036,1,2026-06-20 20:12:28
2012,1038,1,2026-06-20 20:12:28
2013,1007,2,2026-06-20 23:33:27
2014,1055,1,2026-06-20 20:53:03
2014,1053,1,2026-06-20 20:53:03
2015,1010,1,2026-06-20 05:50:32
2015,1009,1,2026-06-20 05:50:32
2015,1007,1,2026-06-20 05:50:32
2016,1042,1,2026-06-20 21:17:36
2017,1051,1,2026-06-20 21:58:36
2018,1046,1,2026-06-20 14:30:22
2019,1005,1,2026-06-20 12:17:15
2020,1037,1,2026-06-20 13:33:40
2021,1035,1,2026-06-20 16:12:02
2022,1021,1,2026-06-20 18:09:56
2022,1024,1,2026-06-20 18:09:56
2022,1023,1,2026-06-20 18:09:56
2023,1030,3,2026-06-20 15:06:23
2024,1003,1,2026-06-20 19:10:26
2024,1001,3,2026-06-20 19:10:26
2025,1033,1,2026-06-20 12:15:15
2026,1054,1,2026-06-20 13:52:17
2027,1033,1,2026-06-20 16:24:27
2027,1035,1,2026-06-20 16:24:27
2028,1053,1,2026-06-20 08:20:08
2029,1010,2,2026-06-20 20:29:52
2029,1009,2,2026-06-20 20:29:52
2029,1006,1,2026-06-20 20:29:52
2030,1009,1,2026-06-20 17:45:54
2031,1027,1,2026-06-20 09:56:48
2032,1049,2,2026-06-20 21:12:00
2033,1044,3,2026-06-20 21:03:22
2034,1035,1,2026-06-20 09:23:45
2035,1028,2,2026-06-21 18:43:24
2036,1007,3,2026-06-21 14:45:23
2037,1011,1,2026-06-21 19:30:42
2038,1001,1,2026-06-21 09:58:21
2038,1005,2,2026-06-21 09:58:21
2039,1052,1,2026-06-21 21:38:29
2039,1055,1,2026-06-21 21:38:29
2039,1054,1,2026-06-21 21:38:29
2040,1032,2,2026-06-21 18:06:18
2041,1004,1,2026-06-21 10:56:13
2041,1002,1,2026-06-21 10:56:13
2041,1003,2,2026-06-21 10:56:13
2042,1041,1,2026-06-21 20:44:56
2042,1044,1,2026-06-21 20:44:56
2043,1034,1,2026-06-21 20:20:05
2044,1007,3,2026-06-21 21:25:41
2045,1001,1,2026-06-21 03:58:03
2046,1003,2,2026-06-21 08:28:33
2047,1016,2,2026-06-21 11:41:14
2047,1018,1,2026-06-21 11:41:14
2047,1019,1,2026-06-21 11:41:14
2048,1014,1,2026-06-21 20:03:59
2049,1025,1,2026-06-21 23:43:40
2050,1052,3,2026-06-21 23:49:29
2050,1051,2,2026-06-21 23:49:29
2051,1026,1,2026-06-21 11:28:39
2051,1030,1,2026-06-21 11:28:39
2051,1028,1,2026-06-21 11:28:39
2052,1004,1,2026-06-21 20:22:41
2052,1005,1,2026-06-21 20:22:41
2053,1036,1,2026-06-21 15:33:57
2054,1037,1,2026-06-21 15:32:53
2055,1013,1,2026-06-21 22:00:29
2056,1053,1,2026-06-21 14:01:35
2056,1051,1,2026-06-21 14:01:35
2056,1052,1,2026-06-21 14:01:35
2057,1017,1,2026-06-22 09:49:24
2058,1051,1,2026-06-22 18:55:22
2059,1012,1,2026-06-22 19:11:16
2059,1014,2,2026-06-22 19:11:16
2060,1036,1,2026-06-22 13:00:04
2061,1046,1,2026-06-22 11:38:13
2061,1049,1,2026-06-22 11:38:13
2062,1049,1,2026-06-22 19:01:08
2062,1050,1,2026-06-22 19:01:08
2063,1038,1,2026-06-22 12:50:47
2063,1039,1,2026-06-22 12:50:47
2063,1040,1,2026-06-22 12:50:47
2064,1013,1,2026-06-22 11:41:19
2065,1053,1,2026-06-22 17:42:47
2066,1027,2,2026-06-22 22:22:41
2067,1012,1,2026-06-22 15:25:53
2068,1005,1,2026-06-22 16:33:30
2069,1060,1,2026-06-22 21:46:27
2069,1056,2,2026-06-22 21:46:27
2070,1003,1,2026-06-22 20:23:46
2071,1052,2,2026-06-22 19:28:14
2072,1036,2,2026-06-22 18:59:22
2072,1037,1,2026-06-22 18:59:22
2072,1038,1,2026-06-22 18:59:22
2073,1001,3,2026-06-22 09:02:43
2073,1003,1,2026-06-22 09:02:43
2074,1008,1,2026-06-22 19:14:52
2075,1017,1,2026-06-23 09:15:42
2076,1030,1,2026-06-23 13:44:03
2077,1011,1,2026-06-23 13:21:05
2077,1015,1,2026-06-23 13:21:05
2078,1021,1,2026-06-23 22:26:08
2079,1042,1,2026-06-23 14:27:46
2079,1044,1,2026-06-23 14:27:46
2080,1029,1,2026-06-23 17:33:07
2080,1030,1,2026-06-23 17:33:07
2081,1047,2,2026-06-23 18:05:38
2082,1018,1,2026-06-23 15:31:03
2083,1054,1,2026-06-23 10:52:08
2083,1055,2,2026-06-23 10:52:08
2084,1050,1,2026-06-23 11:50:14
2085,1017,2,2026-06-23 20:25:19
2085,1020,1,2026-06-23 20:25:19
2086,1011,1,2026-06-23 12:01:47
2087,1032,2,2026-06-23 12:27:56
2088,1021,1,2026-06-23 10:37:30
2088,1023,1,2026-06-23 10:37:30
2089,1018,2,2026-06-23 22:38:08
2089,1016,1,2026-06-23 22:38:08
2090,1026,2,2026-06-23 10:06:37
2091,1040,2,2026-06-23 15:00:28
2092,1011,2,2026-06-23 14:12:03
2093,1037,1,2026-06-23 21:47:19
2093,1038,1,2026-06-23 21:47:19
2094,1033,1,2026-06-23 15:22:19
2095,1004,1,2026-06-23 07:48:20
2096,1028,2,2026-06-23 10:06:15
2097,1001,1,2026-06-24 14:26:53
2098,1023,1,2026-06-24 20:38:00
2099,1023,1,2026-06-24 22:58:00
2100,1052,1,2026-06-24 20:42:34
2101,1017,1,2026-06-24 13:16:59
2102,1044,2,2026-06-24 19:07:44
2103,1009,2,2026-06-24 18:25:06
2104,1057,1,2026-06-24 16:18:52
2105,1018,2,2026-06-24 20:18:42
2106,1006,1,2026-06-24 16:13:46
2107,1033,1,2026-06-24 09:19:11
2108,1019,2,2026-06-24 13:34:36
2109,1041,1,2026-06-24 21:14:25
2109,1043,1,2026-06-24 21:14:25
2110,1036,1,2026-06-24 22:38:07
2111,1002,1,2026-06-24 08:58:16
2111,1001,1,2026-06-24 08:58:16
2112,1025,2,2026-06-24 19:54:52
2112,1023,1,2026-06-24 19:54:52
2113,1020,1,2026-06-24 17:26:50
2114,1023,1,2026-06-24 19:57:00
2115,1005,1,2026-06-24 20:48:26
2116,1055,1,2026-06-24 16:05:36
2117,1001,1,2026-06-24 14:10:44
2117,1004,3,2026-06-24 14:10:44
2118,1055,1,2026-06-24 12:30:39
2119,1038,1,2026-06-25 21:15:30
2120,1052,1,2026-06-25 11:44:26
2120,1051,2,2026-06-25 11:44:26
2121,1053,1,2026-06-25 18:09:09
2121,1051,1,2026-06-25 18:09:09
2122,1053,2,2026-06-25 20:20:35
2123,1047,1,2026-06-25 11:59:06
2123,1049,1,2026-06-25 11:59:06
2123,1046,1,2026-06-25 11:59:06
2124,1043,1,2026-06-25 12:52:13
2125,1060,1,2026-06-25 19:21:49
2126,1021,1,2026-06-25 21:37:34
2126,1022,1,2026-06-25 21:37:34
2127,1055,1,2026-06-25 11:41:48
2128,1059,1,2026-06-25 22:30:12
2129,1002,2,2026-06-25 10:54:17
2130,1015,2,2026-06-25 19:19:18
2131,1016,1,2026-06-25 18:28:26
2131,1020,1,2026-06-25 18:28:26
2131,1018,1,2026-06-25 18:28:26
2132,1018,3,2026-06-25 11:02:20
2132,1020,1,2026-06-25 11:02:20
2133,1051,1,2026-06-25 21:11:24
2133,1055,1,2026-06-25 21:11:24
2134,1057,1,2026-06-25 15:42:59
2135,1053,1,2026-06-25 11:43:01
2135,1052,1,2026-06-25 11:43:01
2136,1059,1,2026-06-25 17:38:14
2137,1043,2,2026-06-26 15:39:16
2138,1048,1,2026-06-26 12:21:52
2139,1050,2,2026-06-26 18:59:33
2139,1048,2,2026-06-26 18:59:33
2139,1047,1,2026-06-26 18:59:33
2140,1010,2,2026-06-26 09:35:33
2141,1029,1,2026-06-26 19:42:24
2142,1001,1,2026-06-26 15:26:44
2142,1004,1,2026-06-26 15:26:44
2143,1018,1,2026-06-26 22:28:06
2144,1041,1,2026-06-26 19:04:34
2145,1034,1,2026-06-26 18:40:27
2146,1052,1,2026-06-26 13:26:26
2147,1009,1,2026-06-26 21:34:37
2148,1038,2,2026-06-26 10:03:55
2149,1051,1,2026-06-26 20:48:24
2150,1015,1,2026-06-26 17:18:36
2150,1011,1,2026-06-26 17:18:36
2151,1002,1,2026-06-26 05:53:05
2152,1038,1,2026-06-26 13:51:39
2153,1045,1,2026-06-26 10:55:57
2154,1009,1,2026-06-26 11:20:26
2154,1007,1,2026-06-26 11:20:26
2154,1010,1,2026-06-26 11:20:26
2155,1001,2,2026-06-26 13:43:26
2155,1004,2,2026-06-26 13:43:26
2156,1024,2,2026-06-26 12:22:29
2157,1013,1,2026-06-26 18:52:31
2158,1030,1,2026-06-26 12:18:53
2159,1001,1,2026-06-27 14:30:18
2159,1004,1,2026-06-27 14:30:18
2160,1005,1,2026-06-27 18:03:50
2160,1003,2,2026-06-27 18:03:50
2161,1017,2,2026-06-27 13:42:27
2162,1032,1,2026-06-27 22:27:02
2162,1035,2,2026-06-27 22:27:02
2162,1033,1,2026-06-27 22:27:02
2163,1016,1,2026-06-27 16:37:47
2164,1054,1,2026-06-27 13:28:27
2165,1019,1,2026-06-27 19:46:37
2165,1017,1,2026-06-27 19:46:37
2166,1010,1,2026-06-27 10:14:44
2166,1007,2,2026-06-27 10:14:44
2167,1012,2,2026-06-27 12:30:43
2168,1028,1,2026-06-27 15:15:13
2168,1029,1,2026-06-27 15:15:13
2169,1010,1,2026-06-27 21:55:43
2169,1009,2,2026-06-27 21:55:43
2170,1043,2,2026-06-27 21:43:44
2171,1056,1,2026-06-27 13:13:05
2171,1057,1,2026-06-27 13:13:05
2171,1060,1,2026-06-27 13:13:05
2172,1005,2,2026-06-27 20:34:52
2173,1023,2,2026-06-27 18:44:07
2174,1041,3,2026-06-27 20:33:19
2174,1042,1,2026-06-27 20:33:19
2175,1032,1,2026-06-27 17:54:06
2176,1004,1,2026-06-27 20:12:34
2177,1051,1,2026-06-27 20:15:48
2177,1052,1,2026-06-27 20:15:48
2178,1042,1,2026-06-27 12:05:18
2179,1056,1,2026-06-27 13:54:03
2180,1001,1,2026-06-27 03:28:34
2180,1004,1,2026-06-27 03:28:34
2181,1053,1,2026-06-27 13:26:47
2182,1035,2,2026-06-27 20:47:11
2183,1036,3,2026-06-28 10:26:19
2183,1040,2,2026-06-28 10:26:19
2183,1037,2,2026-06-28 10:26:19
2184,1005,1,2026-06-28 19:05:01
2184,1002,1,2026-06-28 19:05:01
2185,1047,2,2026-06-28 14:09:26
2185,1046,1,2026-06-28 14:09:26
2185,1048,1,2026-06-28 14:09:26
2186,1002,1,2026-06-28 19:47:00
2187,1025,1,2026-06-28 22:40:22
2187,1024,1,2026-06-28 22:40:22
2188,1008,1,2026-06-28 11:29:07
2189,1051,2,2026-06-28 07:43:32
2189,1052,3,2026-06-28 07:43:32
2190,1014,1,2026-06-28 21:56:30
2190,1013,1,2026-06-28 21:56:30
2190,1011,2,2026-06-28 21:56:30
2191,1017,1,2026-06-28 18:21:27
2191,1016,1,2026-06-28 18:21:27
2192,1030,2,2026-06-28 15:08:14
2193,1037,2,2026-06-28 14:03:26
2193,1036,3,2026-06-28 14:03:26
2194,1055,1,2026-06-28 11:24:00
2195,1032,1,2026-06-28 21:48:36
2196,1011,1,2026-06-28 17:45:36
2197,1017,1,2026-06-28 07:23:14
2198,1002,1,2026-06-28 14:13:40
2199,1054,2,2026-06-28 02:35:16
2199,1055,1,2026-06-28 02:35:16
2200,1050,1,2026-06-28 18:10:23
2200,1047,1,2026-06-28 18:10:23
2200,1046,1,2026-06-28 18:10:23
2201,1024,1,2026-06-28 12:53:27
2202,1008,1,2026-06-28 12:51:35
2202,1010,1,2026-06-28 12:51:35
2202,1009,1,2026-06-28 12:51:35
2203,1018,2,2026-06-28 22:20:57
2203,1017,1,2026-06-28 22:20:57
2204,1058,3,2026-06-28 19:17:05
2205,1008,2,2026-06-28 16:16:21
2206,1052,1,2026-06-28 12:46:00
2207,1046,1,2026-06-28 08:07:25
2207,1048,1,2026-06-28 08:07:25
2208,1003,1,2026-06-28 16:26:35
2208,1004,1,2026-06-28 16:26:35
2209,1008,1,2026-06-28 21:21:55
2209,1009,2,2026-06-28 21:21:55
2210,1042,1,2026-06-29 16:17:59
2210,1044,1,2026-06-29 16:17:59
2210,1041,1,2026-06-29 16:17:59
2211,1002,1,2026-06-29 20:39:36
2212,1055,1,2026-06-29 14:47:40
2213,1054,2,2026-06-29 19:35:15
2213,1053,1,2026-06-29 19:35:15
2214,1032,2,2026-06-29 20:00:28
2214,1033,1,2026-06-29 20:00:28
2215,1028,1,2026-06-29 19:06:38
2216,1033,1,2026-06-29 09:58:17
2217,1023,1,2026-06-29 17:17:28
2218,1026,2,2026-06-29 13:49:27
2218,1028,2,2026-06-29 13:49:27
2219,1019,1,2026-06-29 12:55:07
2220,1037,2,2026-06-29 07:07:21
2221,1055,1,2026-06-29 12:04:52
2222,1018,1,2026-06-29 18:19:06
2223,1028,2,2026-06-29 10:55:09
2223,1026,2,2026-06-29 10:55:09
2223,1030,2,2026-06-29 10:55:09
2224,1054,1,2026-06-29 13:31:23
2225,1056,1,2026-06-29 20:41:50
2226,1039,1,2026-06-29 14:37:28
2227,1058,1,2026-06-29 20:44:15
2228,1059,1,2026-06-29 17:13:31
2229,1005,1,2026-06-29 18:24:06
